qsyn v0.8.0 - Copyright © 2022-2026, DVLab NTUEE.
Licensed under Apache 2.0 License. Release build.
qsyn> tableau from-terms /home/chenying/qsyn/out/ncf2q_10cases/NH-JW-14/NH-JW-14.json --use-coeff
Loaded 1085 Pauli terms (NH-JW-14) → Tableau 0
  #0 IIIIIIIIIIIIIZ  angle=?  coeff=-0.431949078
  #1 IIIIIIIIIIIIZI  angle=?  coeff=-0.431949078
  #2 IIIIIIIIIIIIZZ  angle=?  coeff=0.132395338
  #3 IIIIIIIIIIIZII  angle=?  coeff=-0.426401322
  #4 IIIIIIIIIIIZIZ  angle=?  coeff=0.0955225372
  #5 IIIIIIIIIIIZZI  angle=?  coeff=0.0979278161
  #6 IIIIIIIIIIXXYY  angle=?  coeff=-0.00240527891
  #7 IIIIIIIIIIXYYX  angle=?  coeff=0.00240527891
  #8 IIIIIIIIIIYXXY  angle=?  coeff=0.00240527891
  #9 IIIIIIIIIIYYXX  angle=?  coeff=-0.00240527891
  #10 IIIIIIIIIIZIII  angle=?  coeff=-0.426401322
  #11 IIIIIIIIIIZIIZ  angle=?  coeff=0.0979278161
  #12 IIIIIIIIIIZIZI  angle=?  coeff=0.0955225372
  #13 IIIIIIIIIIZZII  angle=?  coeff=0.153072155
  #14 IIIIIIIIIXIXII  angle=?  coeff=-0.0208546529
  #15 IIIIIIIIIXXIXX  angle=?  coeff=0.000127744992
  #16 IIIIIIIIIXYIYX  angle=?  coeff=0.000127744992
  #17 IIIIIIIIIXZXII  angle=?  coeff=-0.0208395603
  #18 IIIIIIIIIXZXIZ  angle=?  coeff=-0.016126333
  #19 IIIIIIIIIXZXZI  angle=?  coeff=-0.015998588
  #20 IIIIIIIIIYIYII  angle=?  coeff=-0.0208546529
  #21 IIIIIIIIIYXIXY  angle=?  coeff=0.000127744992
  #22 IIIIIIIIIYYIYY  angle=?  coeff=0.000127744992
  #23 IIIIIIIIIYZYII  angle=?  coeff=-0.0208395603
  #24 IIIIIIIIIYZYIZ  angle=?  coeff=-0.016126333
  #25 IIIIIIIIIYZYZI  angle=?  coeff=-0.015998588
  #26 IIIIIIIIIZIIII  angle=?  coeff=-0.178214941
  #27 IIIIIIIIIZIIIZ  angle=?  coeff=0.0711984232
  #28 IIIIIIIIIZIIZI  angle=?  coeff=0.0749032649
  #29 IIIIIIIIIZIZII  angle=?  coeff=0.0854775815
  #30 IIIIIIIIIZZIII  angle=?  coeff=0.093871361
  #31 IIIIIIIIXIXIII  angle=?  coeff=-0.00576835891
  #32 IIIIIIIIXXIIYY  angle=?  coeff=-0.00370484166
  #33 IIIIIIIIXXYYII  angle=?  coeff=-0.00839377953
  #34 IIIIIIIIXYIIYX  angle=?  coeff=0.00370484166
  #35 IIIIIIIIXYYXII  angle=?  coeff=0.00839377953
  #36 IIIIIIIIXZXIII  angle=?  coeff=-0.0208395603
  #37 IIIIIIIIXZXIIZ  angle=?  coeff=-0.015998588
  #38 IIIIIIIIXZXIZI  angle=?  coeff=-0.016126333
  #39 IIIIIIIIXZXZII  angle=?  coeff=-0.0208546529
  #40 IIIIIIIIXZZXYY  angle=?  coeff=0.000127744992
  #41 IIIIIIIIXZZYYX  angle=?  coeff=-0.000127744992
  #42 IIIIIIIIYIYIII  angle=?  coeff=-0.00576835891
  #43 IIIIIIIIYXIIXY  angle=?  coeff=0.00370484166
  #44 IIIIIIIIYXXYII  angle=?  coeff=0.00839377953
  #45 IIIIIIIIYYIIXX  angle=?  coeff=-0.00370484166
  #46 IIIIIIIIYYXXII  angle=?  coeff=-0.00839377953
  #47 IIIIIIIIYZYIII  angle=?  coeff=-0.0208395603
  #48 IIIIIIIIYZYIIZ  angle=?  coeff=-0.015998588
  #49 IIIIIIIIYZYIZI  angle=?  coeff=-0.016126333
  #50 IIIIIIIIYZYZII  angle=?  coeff=-0.0208546529
  #51 IIIIIIIIYZZXXY  angle=?  coeff=-0.000127744992
  #52 IIIIIIIIYZZYXX  angle=?  coeff=0.000127744992
  #53 IIIIIIIIZIIIII  angle=?  coeff=-0.178214941
  #54 IIIIIIIIZIIIIZ  angle=?  coeff=0.0749032649
  #55 IIIIIIIIZIIIZI  angle=?  coeff=0.0711984232
  #56 IIIIIIIIZIIZII  angle=?  coeff=0.093871361
  #57 IIIIIIIIZIZIII  angle=?  coeff=0.0854775815
  #58 IIIIIIIIZXZXII  angle=?  coeff=-0.00576835891
  #59 IIIIIIIIZYZYII  angle=?  coeff=-0.00576835891
  #60 IIIIIIIIZZIIII  angle=?  coeff=0.0876196115
  #61 IIIIIIIZIIIIII  angle=?  coeff=0.0209501769
  #62 IIIIIIIZIIIIIZ  angle=?  coeff=0.119424941
  #63 IIIIIIIZIIIIZI  angle=?  coeff=0.12283191
  #64 IIIIIIIZIIIZII  angle=?  coeff=0.100247295
  #65 IIIIIIIZIIZIII  angle=?  coeff=0.105357188
  #66 IIIIIIIZIXZXII  angle=?  coeff=-0.0162964876
  #67 IIIIIIIZIYZYII  angle=?  coeff=-0.0162964876
  #68 IIIIIIIZIZIIII  angle=?  coeff=0.0756171085
  #69 IIIIIIIZXZXIII  angle=?  coeff=-0.017878353
  #70 IIIIIIIZYZYIII  angle=?  coeff=-0.017878353
  #71 IIIIIIIZZIIIII  angle=?  coeff=0.0778367454
  #72 IIIIIIXXIIIIYY  angle=?  coeff=-0.00340696932
  #73 IIIIIIXXIIYYII  angle=?  coeff=-0.0051098931
  #74 IIIIIIXXIXXIII  angle=?  coeff=-0.00158186543
  #75 IIIIIIXXYYIIII  angle=?  coeff=-0.00221963683
  #76 IIIIIIXXYZZYII  angle=?  coeff=-0.00158186543
  #77 IIIIIIXYIIIIYX  angle=?  coeff=0.00340696932
  #78 IIIIIIXYIIYXII  angle=?  coeff=0.0051098931
  #79 IIIIIIXYIYXIII  angle=?  coeff=-0.00158186543
  #80 IIIIIIXYYXIIII  angle=?  coeff=0.00221963683
  #81 IIIIIIXYYZZXII  angle=?  coeff=0.00158186543
  #82 IIIIIIYXIIIIXY  angle=?  coeff=0.00340696932
  #83 IIIIIIYXIIXYII  angle=?  coeff=0.0051098931
  #84 IIIIIIYXIXYIII  angle=?  coeff=-0.00158186543
  #85 IIIIIIYXXYIIII  angle=?  coeff=0.00221963683
  #86 IIIIIIYXXZZYII  angle=?  coeff=0.00158186543
  #87 IIIIIIYYIIIIXX  angle=?  coeff=-0.00340696932
  #88 IIIIIIYYIIXXII  angle=?  coeff=-0.0051098931
  #89 IIIIIIYYIYYIII  angle=?  coeff=-0.00158186543
  #90 IIIIIIYYXXIIII  angle=?  coeff=-0.00221963683
  #91 IIIIIIYYXZZXII  angle=?  coeff=-0.00158186543
  #92 IIIIIIZIIIIIII  angle=?  coeff=0.0209501769
  #93 IIIIIIZIIIIIIZ  angle=?  coeff=0.12283191
  #94 IIIIIIZIIIIIZI  angle=?  coeff=0.119424941
  #95 IIIIIIZIIIIZII  angle=?  coeff=0.105357188
  #96 IIIIIIZIIIZIII  angle=?  coeff=0.100247295
  #97 IIIIIIZIIXZXII  angle=?  coeff=-0.017878353
  #98 IIIIIIZIIYZYII  angle=?  coeff=-0.017878353
  #99 IIIIIIZIIZIIII  angle=?  coeff=0.0778367454
  #100 IIIIIIZIXZXIII  angle=?  coeff=-0.0162964876
  #101 IIIIIIZIYZYIII  angle=?  coeff=-0.0162964876
  #102 IIIIIIZIZIIIII  angle=?  coeff=0.0756171085
  #103 IIIIIIZZIIIIII  angle=?  coeff=0.145331944
  #104 IIIIIXIZZZZZZX  angle=?  coeff=0.0318955441
  #105 IIIIIXXYZZZZYI  angle=?  coeff=0.00100786732
  #106 IIIIIXYYZZZZXI  angle=?  coeff=-0.00100786732
  #107 IIIIIXZIZZZZZX  angle=?  coeff=0.0308876768
  #108 IIIIIXZZIZZZZX  angle=?  coeff=0.00888082706
  #109 IIIIIXZZXIIYYI  angle=?  coeff=0.00315890266
  #110 IIIIIXZZXIXZZX  angle=?  coeff=0.0085724451
  #111 IIIIIXZZXYZZYI  angle=?  coeff=0.000646517435
  #112 IIIIIXZZYIIYXI  angle=?  coeff=-0.00315890266
  #113 IIIIIXZZYIYZZX  angle=?  coeff=0.0085724451
  #114 IIIIIXZZYYZZXI  angle=?  coeff=-0.000646517435
  #115 IIIIIXZZZIZZZX  angle=?  coeff=0.00823430962
  #116 IIIIIXZZZXIXZX  angle=?  coeff=0.00702010018
  #117 IIIIIXZZZXIYZY  angle=?  coeff=0.00160655774
  #118 IIIIIXZZZXXZXI  angle=?  coeff=-0.00155234492
  #119 IIIIIXZZZXYZYI  angle=?  coeff=-0.00155234492
  #120 IIIIIXZZZYIYZX  angle=?  coeff=0.00541354244
  #121 IIIIIXZZZZIZZX  angle=?  coeff=0.0165702599
  #122 IIIIIXZZZZXYYI  angle=?  coeff=0.000131998792
  #123 IIIIIXZZZZYYXI  angle=?  coeff=-0.000131998792
  #124 IIIIIXZZZZZIZX  angle=?  coeff=0.0164382611
  #125 IIIIIXZZZZZZIX  angle=?  coeff=0.0352425763
  #126 IIIIIXZZZZZZZX  angle=?  coeff=0.0344528685
  #127 IIIIIYIZZZZZZY  angle=?  coeff=0.0318955441
  #128 IIIIIYXXZZZZYI  angle=?  coeff=-0.00100786732
  #129 IIIIIYYXZZZZXI  angle=?  coeff=0.00100786732
  #130 IIIIIYZIZZZZZY  angle=?  coeff=0.0308876768
  #131 IIIIIYZZIZZZZY  angle=?  coeff=0.00888082706
  #132 IIIIIYZZXIIXYI  angle=?  coeff=-0.00315890266
  #133 IIIIIYZZXIXZZY  angle=?  coeff=0.0085724451
  #134 IIIIIYZZXXZZYI  angle=?  coeff=-0.000646517435
  #135 IIIIIYZZYIIXXI  angle=?  coeff=0.00315890266
  #136 IIIIIYZZYIYZZY  angle=?  coeff=0.0085724451
  #137 IIIIIYZZYXZZXI  angle=?  coeff=0.000646517435
  #138 IIIIIYZZZIZZZY  angle=?  coeff=0.00823430962
  #139 IIIIIYZZZXIXZY  angle=?  coeff=0.00541354244
  #140 IIIIIYZZZYIXZX  angle=?  coeff=0.00160655774
  #141 IIIIIYZZZYIYZY  angle=?  coeff=0.00702010018
  #142 IIIIIYZZZYXZXI  angle=?  coeff=-0.00155234492
  #143 IIIIIYZZZYYZYI  angle=?  coeff=-0.00155234492
  #144 IIIIIYZZZZIZZY  angle=?  coeff=0.0165702599
  #145 IIIIIYZZZZXXYI  angle=?  coeff=-0.000131998792
  #146 IIIIIYZZZZYXXI  angle=?  coeff=0.000131998792
  #147 IIIIIYZZZZZIZY  angle=?  coeff=0.0164382611
  #148 IIIIIYZZZZZZIY  angle=?  coeff=0.0352425763
  #149 IIIIIYZZZZZZZY  angle=?  coeff=0.0344528685
  #150 IIIIIZIIIIIIII  angle=?  coeff=0.0449633692
  #151 IIIIIZIIIIIIIZ  angle=?  coeff=0.110191161
  #152 IIIIIZIIIIIIZI  angle=?  coeff=0.14404406
  #153 IIIIIZIIIIIZII  angle=?  coeff=0.104901815
  #154 IIIIIZIIIIZIII  angle=?  coeff=0.110078933
  #155 IIIIIZIIIXZXII  angle=?  coeff=-0.018034684
  #156 IIIIIZIIIYZYII  angle=?  coeff=-0.018034684
  #157 IIIIIZIIIZIIII  angle=?  coeff=0.077985849
  #158 IIIIIZIIXZXIII  angle=?  coeff=-0.0202714926
  #159 IIIIIZIIYZYIII  angle=?  coeff=-0.0202714926
  #160 IIIIIZIIZIIIII  angle=?  coeff=0.0803402447
  #161 IIIIIZIZIIIIII  angle=?  coeff=0.132138864
  #162 IIIIIZZIIIIIII  angle=?  coeff=0.139765838
  #163 IIIIXIZZZZZZXI  angle=?  coeff=0.0439071768
  #164 IIIIXXIIIIIIYY  angle=?  coeff=-0.0338528993
  #165 IIIIXXIIIIYYII  angle=?  coeff=-0.00517711861
  #166 IIIIXXIIIXXIII  angle=?  coeff=-0.00223680857
  #167 IIIIXXIIYYIIII  angle=?  coeff=-0.0023543957
  #168 IIIIXXIIYZZYII  angle=?  coeff=-0.00223680857
  #169 IIIIXXYYIIIIII  angle=?  coeff=-0.00762697401
  #170 IIIIXYIIIIIIYX  angle=?  coeff=0.0338528993
  #171 IIIIXYIIIIYXII  angle=?  coeff=0.00517711861
  #172 IIIIXYIIIYXIII  angle=?  coeff=-0.00223680857
  #173 IIIIXYIIYXIIII  angle=?  coeff=0.0023543957
  #174 IIIIXYIIYZZXII  angle=?  coeff=0.00223680857
  #175 IIIIXYYXIIIIII  angle=?  coeff=0.00762697401
  #176 IIIIXZIZZZZZXI  angle=?  coeff=0.0308876768
  #177 IIIIXZXXZZZZZX  angle=?  coeff=-0.00100786732
  #178 IIIIXZXYZZZZZY  angle=?  coeff=-0.00100786732
  #179 IIIIXZZIZZZZXI  angle=?  coeff=0.0318955441
  #180 IIIIXZZZIZZZXI  angle=?  coeff=0.00823430962
  #181 IIIIXZZZXIIXZX  angle=?  coeff=-0.00155234492
  #182 IIIIXZZZXIIYZY  angle=?  coeff=-0.00155234492
  #183 IIIIXZZZXIXZXI  angle=?  coeff=0.00702010018
  #184 IIIIXZZZXIYZYI  angle=?  coeff=0.00160655774
  #185 IIIIXZZZXXZZZX  angle=?  coeff=-0.000646517435
  #186 IIIIXZZZXYZZZY  angle=?  coeff=-0.000646517435
  #187 IIIIXZZZYIYZXI  angle=?  coeff=0.00541354244
  #188 IIIIXZZZZIZZXI  angle=?  coeff=0.00888082706
  #189 IIIIXZZZZXIXXI  angle=?  coeff=0.0085724451
  #190 IIIIXZZZZXYZZY  angle=?  coeff=0.00315890266
  #191 IIIIXZZZZYIYXI  angle=?  coeff=0.0085724451
  #192 IIIIXZZZZYYZZX  angle=?  coeff=-0.00315890266
  #193 IIIIXZZZZZIZXI  angle=?  coeff=0.0164382611
  #194 IIIIXZZZZZXXZX  angle=?  coeff=-0.000131998792
  #195 IIIIXZZZZZXYZY  angle=?  coeff=-0.000131998792
  #196 IIIIXZZZZZZIXI  angle=?  coeff=0.0165702599
  #197 IIIIXZZZZZZZXI  angle=?  coeff=0.0344528685
  #198 IIIIXZZZZZZZXZ  angle=?  coeff=0.0352425763
  #199 IIIIYIZZZZZZYI  angle=?  coeff=0.0439071768
  #200 IIIIYXIIIIIIXY  angle=?  coeff=0.0338528993
  #201 IIIIYXIIIIXYII  angle=?  coeff=0.00517711861
  #202 IIIIYXIIIXYIII  angle=?  coeff=-0.00223680857
  #203 IIIIYXIIXYIIII  angle=?  coeff=0.0023543957
  #204 IIIIYXIIXZZYII  angle=?  coeff=0.00223680857
  #205 IIIIYXXYIIIIII  angle=?  coeff=0.00762697401
  #206 IIIIYYIIIIIIXX  angle=?  coeff=-0.0338528993
  #207 IIIIYYIIIIXXII  angle=?  coeff=-0.00517711861
  #208 IIIIYYIIIYYIII  angle=?  coeff=-0.00223680857
  #209 IIIIYYIIXXIIII  angle=?  coeff=-0.0023543957
  #210 IIIIYYIIXZZXII  angle=?  coeff=-0.00223680857
  #211 IIIIYYXXIIIIII  angle=?  coeff=-0.00762697401
  #212 IIIIYZIZZZZZYI  angle=?  coeff=0.0308876768
  #213 IIIIYZYXZZZZZX  angle=?  coeff=-0.00100786732
  #214 IIIIYZYYZZZZZY  angle=?  coeff=-0.00100786732
  #215 IIIIYZZIZZZZYI  angle=?  coeff=0.0318955441
  #216 IIIIYZZZIZZZYI  angle=?  coeff=0.00823430962
  #217 IIIIYZZZXIXZYI  angle=?  coeff=0.00541354244
  #218 IIIIYZZZYIIXZX  angle=?  coeff=-0.00155234492
  #219 IIIIYZZZYIIYZY  angle=?  coeff=-0.00155234492
  #220 IIIIYZZZYIXZXI  angle=?  coeff=0.00160655774
  #221 IIIIYZZZYIYZYI  angle=?  coeff=0.00702010018
  #222 IIIIYZZZYXZZZX  angle=?  coeff=-0.000646517435
  #223 IIIIYZZZYYZZZY  angle=?  coeff=-0.000646517435
  #224 IIIIYZZZZIZZYI  angle=?  coeff=0.00888082706
  #225 IIIIYZZZZXIXYI  angle=?  coeff=0.0085724451
  #226 IIIIYZZZZXXZZY  angle=?  coeff=-0.00315890266
  #227 IIIIYZZZZYIYYI  angle=?  coeff=0.0085724451
  #228 IIIIYZZZZYXZZX  angle=?  coeff=0.00315890266
  #229 IIIIYZZZZZIZYI  angle=?  coeff=0.0164382611
  #230 IIIIYZZZZZYXZX  angle=?  coeff=-0.000131998792
  #231 IIIIYZZZZZYYZY  angle=?  coeff=-0.000131998792
  #232 IIIIYZZZZZZIYI  angle=?  coeff=0.0165702599
  #233 IIIIYZZZZZZZYI  angle=?  coeff=0.0344528685
  #234 IIIIYZZZZZZZYZ  angle=?  coeff=0.0352425763
  #235 IIIIZIIIIIIIII  angle=?  coeff=0.0449633692
  #236 IIIIZIIIIIIIIZ  angle=?  coeff=0.14404406
  #237 IIIIZIIIIIIIZI  angle=?  coeff=0.110191161
  #238 IIIIZIIIIIIZII  angle=?  coeff=0.110078933
  #239 IIIIZIIIIIZIII  angle=?  coeff=0.104901815
  #240 IIIIZIIIIXZXII  angle=?  coeff=-0.0202714926
  #241 IIIIZIIIIYZYII  angle=?  coeff=-0.0202714926
  #242 IIIIZIIIIZIIII  angle=?  coeff=0.0803402447
  #243 IIIIZIIIXZXIII  angle=?  coeff=-0.018034684
  #244 IIIIZIIIYZYIII  angle=?  coeff=-0.018034684
  #245 IIIIZIIIZIIIII  angle=?  coeff=0.077985849
  #246 IIIIZIIZIIIIII  angle=?  coeff=0.139765838
  #247 IIIIZIZIIIIIII  angle=?  coeff=0.132138864
  #248 IIIIZXZZZZZZZX  angle=?  coeff=0.0439071768
  #249 IIIIZYZZZZZZZY  angle=?  coeff=0.0439071768
  #250 IIIIZZIIIIIIII  angle=?  coeff=0.16747451
  #251 IIIXIZZZZXIIII  angle=?  coeff=0.0152716606
  #252 IIIXIZZZZZZXII  angle=?  coeff=0.0093096181
  #253 IIIXXIIIIIIYYI  angle=?  coeff=-0.00671643137
  #254 IIIXXIIIIIXZZX  angle=?  coeff=0.000112319808
  #255 IIIXXIIIIYZZYI  angle=?  coeff=-0.0073336713
  #256 IIIXXIIIXZZZZX  angle=?  coeff=0.000119167463
  #257 IIIXXYZZYIIIII  angle=?  coeff=0.000393316482
  #258 IIIXXYZZZZYIII  angle=?  coeff=-0.000815161646
  #259 IIIXYIIIIIIYXI  angle=?  coeff=0.00671643137
  #260 IIIXYIIIIIYZZX  angle=?  coeff=0.000112319808
  #261 IIIXYIIIIYZZXI  angle=?  coeff=0.0073336713
  #262 IIIXYIIIYZZZZX  angle=?  coeff=0.000119167463
  #263 IIIXYYZZXIIIII  angle=?  coeff=-0.000393316482
  #264 IIIXYYZZZZXIII  angle=?  coeff=0.000815161646
  #265 IIIXZIZZZXIIII  angle=?  coeff=0.0148783441
  #266 IIIXZIZZZZZXII  angle=?  coeff=0.0101247797
  #267 IIIXZXIIIIIXZX  angle=?  coeff=0.000508692675
  #268 IIIXZXIIIIIYZY  angle=?  coeff=-0.00632005851
  #269 IIIXZXIIIIXZXI  angle=?  coeff=0.000396372867
  #270 IIIXZXIIIIYZYI  angle=?  coeff=0.000396372867
  #271 IIIXZXIIIXZZZX  angle=?  coeff=-0.0010493795
  #272 IIIXZXIIIYZZZY  angle=?  coeff=-0.00850221826
  #273 IIIXZXIIXZZZXI  angle=?  coeff=-0.00116854696
  #274 IIIXZXIIYZZZYI  angle=?  coeff=-0.00116854696
  #275 IIIXZYIIIIIYZX  angle=?  coeff=0.00682875118
  #276 IIIXZYIIIYZZZX  angle=?  coeff=0.00745283876
  #277 IIIXZZIZZXIIII  angle=?  coeff=0.0132156708
  #278 IIIXZZIZZZZXII  angle=?  coeff=0.00747253849
  #279 IIIXZZXYYIIIII  angle=?  coeff=0.000533490027
  #280 IIIXZZXYZZYIII  angle=?  coeff=-0.000840806263
  #281 IIIXZZYYXIIIII  angle=?  coeff=-0.000533490027
  #282 IIIXZZYYZZXIII  angle=?  coeff=0.000840806263
  #283 IIIXZZZIZXIIII  angle=?  coeff=0.0126821808
  #284 IIIXZZZIZZZXII  angle=?  coeff=0.00831334475
  #285 IIIXZZZZIXIIII  angle=?  coeff=-0.00465188315
  #286 IIIXZZZZIZZXII  angle=?  coeff=-0.00972250033
  #287 IIIXZZZZXIIIXX  angle=?  coeff=2.91474494e-05
  #288 IIIXZZZZXIXXII  angle=?  coeff=-0.00197887781
  #289 IIIXZZZZXYYIII  angle=?  coeff=0.00306641622
  #290 IIIXZZZZYIIIYX  angle=?  coeff=2.91474494e-05
  #291 IIIXZZZZYIYXII  angle=?  coeff=-0.00197887781
  #292 IIIXZZZZYYXIII  angle=?  coeff=-0.00306641622
  #293 IIIXZZZZZIZXII  angle=?  coeff=-0.0127889166
  #294 IIIXZZZZZXIIII  angle=?  coeff=0.0244131018
  #295 IIIXZZZZZXIIIZ  angle=?  coeff=0.0125494264
  #296 IIIXZZZZZXIIZI  angle=?  coeff=0.0125785738
  #297 IIIXZZZZZXIZII  angle=?  coeff=0.000300476104
  #298 IIIXZZZZZXZIII  angle=?  coeff=-0.0016784017
  #299 IIIXZZZZZZIXII  angle=?  coeff=-0.028539723
  #300 IIIXZZZZZZXIXX  angle=?  coeff=0.000391594125
  #301 IIIXZZZZZZYIYX  angle=?  coeff=0.000391594125
  #302 IIIXZZZZZZZXII  angle=?  coeff=0.0442265311
  #303 IIIXZZZZZZZXIZ  angle=?  coeff=0.00839401552
  #304 IIIXZZZZZZZXZI  angle=?  coeff=0.00878560965
  #305 IIIYIZZZZYIIII  angle=?  coeff=0.0152716606
  #306 IIIYIZZZZZZYII  angle=?  coeff=0.0093096181
  #307 IIIYXIIIIIIXYI  angle=?  coeff=0.00671643137
  #308 IIIYXIIIIIXZZY  angle=?  coeff=0.000112319808
  #309 IIIYXIIIIXZZYI  angle=?  coeff=0.0073336713
  #310 IIIYXIIIXZZZZY  angle=?  coeff=0.000119167463
  #311 IIIYXXZZYIIIII  angle=?  coeff=-0.000393316482
  #312 IIIYXXZZZZYIII  angle=?  coeff=0.000815161646
  #313 IIIYYIIIIIIXXI  angle=?  coeff=-0.00671643137
  #314 IIIYYIIIIIYZZY  angle=?  coeff=0.000112319808
  #315 IIIYYIIIIXZZXI  angle=?  coeff=-0.0073336713
  #316 IIIYYIIIYZZZZY  angle=?  coeff=0.000119167463
  #317 IIIYYXZZXIIIII  angle=?  coeff=0.000393316482
  #318 IIIYYXZZZZXIII  angle=?  coeff=-0.000815161646
  #319 IIIYZIZZZYIIII  angle=?  coeff=0.0148783441
  #320 IIIYZIZZZZZYII  angle=?  coeff=0.0101247797
  #321 IIIYZXIIIIIXZY  angle=?  coeff=0.00682875118
  #322 IIIYZXIIIXZZZY  angle=?  coeff=0.00745283876
  #323 IIIYZYIIIIIXZX  angle=?  coeff=-0.00632005851
  #324 IIIYZYIIIIIYZY  angle=?  coeff=0.000508692675
  #325 IIIYZYIIIIXZXI  angle=?  coeff=0.000396372867
  #326 IIIYZYIIIIYZYI  angle=?  coeff=0.000396372867
  #327 IIIYZYIIIXZZZX  angle=?  coeff=-0.00850221826
  #328 IIIYZYIIIYZZZY  angle=?  coeff=-0.0010493795
  #329 IIIYZYIIXZZZXI  angle=?  coeff=-0.00116854696
  #330 IIIYZYIIYZZZYI  angle=?  coeff=-0.00116854696
  #331 IIIYZZIZZYIIII  angle=?  coeff=0.0132156708
  #332 IIIYZZIZZZZYII  angle=?  coeff=0.00747253849
  #333 IIIYZZXXYIIIII  angle=?  coeff=-0.000533490027
  #334 IIIYZZXXZZYIII  angle=?  coeff=0.000840806263
  #335 IIIYZZYXXIIIII  angle=?  coeff=0.000533490027
  #336 IIIYZZYXZZXIII  angle=?  coeff=-0.000840806263
  #337 IIIYZZZIZYIIII  angle=?  coeff=0.0126821808
  #338 IIIYZZZIZZZYII  angle=?  coeff=0.00831334475
  #339 IIIYZZZZIYIIII  angle=?  coeff=-0.00465188315
  #340 IIIYZZZZIZZYII  angle=?  coeff=-0.00972250033
  #341 IIIYZZZZXIIIXY  angle=?  coeff=2.91474494e-05
  #342 IIIYZZZZXIXYII  angle=?  coeff=-0.00197887781
  #343 IIIYZZZZXXYIII  angle=?  coeff=-0.00306641622
  #344 IIIYZZZZYIIIYY  angle=?  coeff=2.91474494e-05
  #345 IIIYZZZZYIYYII  angle=?  coeff=-0.00197887781
  #346 IIIYZZZZYXXIII  angle=?  coeff=0.00306641622
  #347 IIIYZZZZZIZYII  angle=?  coeff=-0.0127889166
  #348 IIIYZZZZZYIIII  angle=?  coeff=0.0244131018
  #349 IIIYZZZZZYIIIZ  angle=?  coeff=0.0125494264
  #350 IIIYZZZZZYIIZI  angle=?  coeff=0.0125785738
  #351 IIIYZZZZZYIZII  angle=?  coeff=0.000300476104
  #352 IIIYZZZZZYZIII  angle=?  coeff=-0.0016784017
  #353 IIIYZZZZZZIYII  angle=?  coeff=-0.028539723
  #354 IIIYZZZZZZXIXY  angle=?  coeff=0.000391594125
  #355 IIIYZZZZZZYIYY  angle=?  coeff=0.000391594125
  #356 IIIYZZZZZZZYII  angle=?  coeff=0.0442265311
  #357 IIIYZZZZZZZYIZ  angle=?  coeff=0.00839401552
  #358 IIIYZZZZZZZYZI  angle=?  coeff=0.00878560965
  #359 IIIZIIIIIIIIII  angle=?  coeff=0.0898856627
  #360 IIIZIIIIIIIIIZ  angle=?  coeff=0.121955952
  #361 IIIZIIIIIIIIZI  angle=?  coeff=0.12592138
  #362 IIIZIIIIIIIZII  angle=?  coeff=0.0990644151
  #363 IIIZIIIIIIZIII  angle=?  coeff=0.124524927
  #364 IIIZIIIIIXZXII  angle=?  coeff=-0.0129343725
  #365 IIIZIIIIIYZYII  angle=?  coeff=-0.0129343725
  #366 IIIZIIIIIZIIII  angle=?  coeff=0.0749231085
  #367 IIIZIIIIXZXIII  angle=?  coeff=-0.0222502778
  #368 IIIZIIIIYZYIII  angle=?  coeff=-0.0222502778
  #369 IIIZIIIIZIIIII  angle=?  coeff=0.082986282
  #370 IIIZIIIZIIIIII  angle=?  coeff=0.124481293
  #371 IIIZIIZIIIIIII  angle=?  coeff=0.134015189
  #372 IIIZIXZZZZZZZX  angle=?  coeff=0.0317777277
  #373 IIIZIYZZZZZZZY  angle=?  coeff=0.0317777277
  #374 IIIZIZIIIIIIII  angle=?  coeff=0.133325638
  #375 IIIZXZZZZZZZXI  angle=?  coeff=0.0346493325
  #376 IIIZYZZZZZZZYI  angle=?  coeff=0.0346493325
  #377 IIIZZIIIIIIIII  angle=?  coeff=0.143764026
  #378 IIXIZZZZXIIIII  angle=?  coeff=0.0151907421
  #379 IIXIZZZZZZXIII  angle=?  coeff=0.00696832853
  #380 IIXXIIIIIIIIYY  angle=?  coeff=-0.00396542799
  #381 IIXXIIIIIIYYII  angle=?  coeff=-0.0254605123
  #382 IIXXIIIIIXXIII  angle=?  coeff=-0.00931590527
  #383 IIXXIIIIYYIIII  angle=?  coeff=-0.0080631735
  #384 IIXXIIIIYZZYII  angle=?  coeff=-0.00931590527
  #385 IIXXIIYYIIIIII  angle=?  coeff=-0.00953389557
  #386 IIXXIXZZZZZZXI  angle=?  coeff=0.00287160484
  #387 IIXXYYIIIIIIII  angle=?  coeff=-0.0104383888
  #388 IIXXYZZZZZZZZY  angle=?  coeff=0.00287160484
  #389 IIXYIIIIIIIIYX  angle=?  coeff=0.00396542799
  #390 IIXYIIIIIIYXII  angle=?  coeff=0.0254605123
  #391 IIXYIIIIIYXIII  angle=?  coeff=-0.00931590527
  #392 IIXYIIIIYXIIII  angle=?  coeff=0.0080631735
  #393 IIXYIIIIYZZXII  angle=?  coeff=0.00931590527
  #394 IIXYIIYXIIIIII  angle=?  coeff=0.00953389557
  #395 IIXYIYZZZZZZXI  angle=?  coeff=0.00287160484
  #396 IIXYYXIIIIIIII  angle=?  coeff=0.0104383888
  #397 IIXYYZZZZZZZZX  angle=?  coeff=-0.00287160484
  #398 IIXZIZZZXIIIII  angle=?  coeff=0.0148783441
  #399 IIXZIZZZZZXIII  angle=?  coeff=0.0101247797
  #400 IIXZXIIIIIIXZX  angle=?  coeff=0.000396372867
  #401 IIXZXIIIIIIYZY  angle=?  coeff=0.000396372867
  #402 IIXZXIIIIIXZXI  angle=?  coeff=0.000508692675
  #403 IIXZXIIIIIYZYI  angle=?  coeff=-0.00632005851
  #404 IIXZXIIIIXZZZX  angle=?  coeff=-0.00116854696
  #405 IIXZXIIIIYZZZY  angle=?  coeff=-0.00116854696
  #406 IIXZXIIIXZZZXI  angle=?  coeff=-0.0010493795
  #407 IIXZXIIIYZZZYI  angle=?  coeff=-0.00850221826
  #408 IIXZXXZZZXIIII  angle=?  coeff=-0.000393316482
  #409 IIXZXXZZZZZXII  angle=?  coeff=0.000815161646
  #410 IIXZXYZZZYIIII  angle=?  coeff=-0.000393316482
  #411 IIXZXYZZZZZYII  angle=?  coeff=0.000815161646
  #412 IIXZYIIIIIYZXI  angle=?  coeff=0.00682875118
  #413 IIXZYIIIYZZZXI  angle=?  coeff=0.00745283876
  #414 IIXZZIZZXIIIII  angle=?  coeff=0.0152716606
  #415 IIXZZIZZZZXIII  angle=?  coeff=0.0093096181
  #416 IIXZZXIIIIIXXI  angle=?  coeff=0.000112319808
  #417 IIXZZXIIIIYZZY  angle=?  coeff=-0.00671643137
  #418 IIXZZXIIIXZZXI  angle=?  coeff=0.000119167463
  #419 IIXZZXIIYZZZZY  angle=?  coeff=-0.0073336713
  #420 IIXZZYIIIIIYXI  angle=?  coeff=0.000112319808
  #421 IIXZZYIIIIYZZX  angle=?  coeff=0.00671643137
  #422 IIXZZYIIIYZZXI  angle=?  coeff=0.000119167463
  #423 IIXZZYIIYZZZZX  angle=?  coeff=0.0073336713
  #424 IIXZZZIZXIIIII  angle=?  coeff=0.0126821808
  #425 IIXZZZIZZZXIII  angle=?  coeff=0.00831334475
  #426 IIXZZZXXZXIIII  angle=?  coeff=-0.000533490027
  #427 IIXZZZXXZZZXII  angle=?  coeff=0.000840806263
  #428 IIXZZZXYZYIIII  angle=?  coeff=-0.000533490027
  #429 IIXZZZXYZZZYII  angle=?  coeff=0.000840806263
  #430 IIXZZZZIXIIIII  angle=?  coeff=0.0132156708
  #431 IIXZZZZIZZXIII  angle=?  coeff=0.00747253849
  #432 IIXZZZZZIZXIII  angle=?  coeff=-0.0127889166
  #433 IIXZZZZZXIIIII  angle=?  coeff=0.0244131018
  #434 IIXZZZZZXIIIIZ  angle=?  coeff=0.0125785738
  #435 IIXZZZZZXIIIZI  angle=?  coeff=0.0125494264
  #436 IIXZZZZZXIIZII  angle=?  coeff=-0.0016784017
  #437 IIXZZZZZXIZIII  angle=?  coeff=0.000300476104
  #438 IIXZZZZZXXZXII  angle=?  coeff=-0.00306641622
  #439 IIXZZZZZXYZYII  angle=?  coeff=-0.00306641622
  #440 IIXZZZZZXZIIII  angle=?  coeff=-0.00465188315
  #441 IIXZZZZZZIXIII  angle=?  coeff=-0.00972250033
  #442 IIXZZZZZZXIIYY  angle=?  coeff=2.91474494e-05
  #443 IIXZZZZZZXYYII  angle=?  coeff=-0.00197887781
  #444 IIXZZZZZZYIIYX  angle=?  coeff=-2.91474494e-05
  #445 IIXZZZZZZYYXII  angle=?  coeff=0.00197887781
  #446 IIXZZZZZZZXIII  angle=?  coeff=0.0442265311
  #447 IIXZZZZZZZXIIZ  angle=?  coeff=0.00878560965
  #448 IIXZZZZZZZXIZI  angle=?  coeff=0.00839401552
  #449 IIXZZZZZZZXZII  angle=?  coeff=-0.028539723
  #450 IIXZZZZZZZZXYY  angle=?  coeff=0.000391594125
  #451 IIXZZZZZZZZYYX  angle=?  coeff=-0.000391594125
  #452 IIYIZZZZYIIIII  angle=?  coeff=0.0151907421
  #453 IIYIZZZZZZYIII  angle=?  coeff=0.00696832853
  #454 IIYXIIIIIIIIXY  angle=?  coeff=0.00396542799
  #455 IIYXIIIIIIXYII  angle=?  coeff=0.0254605123
  #456 IIYXIIIIIXYIII  angle=?  coeff=-0.00931590527
  #457 IIYXIIIIXYIIII  angle=?  coeff=0.0080631735
  #458 IIYXIIIIXZZYII  angle=?  coeff=0.00931590527
  #459 IIYXIIXYIIIIII  angle=?  coeff=0.00953389557
  #460 IIYXIXZZZZZZYI  angle=?  coeff=0.00287160484
  #461 IIYXXYIIIIIIII  angle=?  coeff=0.0104383888
  #462 IIYXXZZZZZZZZY  angle=?  coeff=-0.00287160484
  #463 IIYYIIIIIIIIXX  angle=?  coeff=-0.00396542799
  #464 IIYYIIIIIIXXII  angle=?  coeff=-0.0254605123
  #465 IIYYIIIIIYYIII  angle=?  coeff=-0.00931590527
  #466 IIYYIIIIXXIIII  angle=?  coeff=-0.0080631735
  #467 IIYYIIIIXZZXII  angle=?  coeff=-0.00931590527
  #468 IIYYIIXXIIIIII  angle=?  coeff=-0.00953389557
  #469 IIYYIYZZZZZZYI  angle=?  coeff=0.00287160484
  #470 IIYYXXIIIIIIII  angle=?  coeff=-0.0104383888
  #471 IIYYXZZZZZZZZX  angle=?  coeff=0.00287160484
  #472 IIYZIZZZYIIIII  angle=?  coeff=0.0148783441
  #473 IIYZIZZZZZYIII  angle=?  coeff=0.0101247797
  #474 IIYZXIIIIIXZYI  angle=?  coeff=0.00682875118
  #475 IIYZXIIIXZZZYI  angle=?  coeff=0.00745283876
  #476 IIYZYIIIIIIXZX  angle=?  coeff=0.000396372867
  #477 IIYZYIIIIIIYZY  angle=?  coeff=0.000396372867
  #478 IIYZYIIIIIXZXI  angle=?  coeff=-0.00632005851
  #479 IIYZYIIIIIYZYI  angle=?  coeff=0.000508692675
  #480 IIYZYIIIIXZZZX  angle=?  coeff=-0.00116854696
  #481 IIYZYIIIIYZZZY  angle=?  coeff=-0.00116854696
  #482 IIYZYIIIXZZZXI  angle=?  coeff=-0.00850221826
  #483 IIYZYIIIYZZZYI  angle=?  coeff=-0.0010493795
  #484 IIYZYXZZZXIIII  angle=?  coeff=-0.000393316482
  #485 IIYZYXZZZZZXII  angle=?  coeff=0.000815161646
  #486 IIYZYYZZZYIIII  angle=?  coeff=-0.000393316482
  #487 IIYZYYZZZZZYII  angle=?  coeff=0.000815161646
  #488 IIYZZIZZYIIIII  angle=?  coeff=0.0152716606
  #489 IIYZZIZZZZYIII  angle=?  coeff=0.0093096181
  #490 IIYZZXIIIIIXYI  angle=?  coeff=0.000112319808
  #491 IIYZZXIIIIXZZY  angle=?  coeff=0.00671643137
  #492 IIYZZXIIIXZZYI  angle=?  coeff=0.000119167463
  #493 IIYZZXIIXZZZZY  angle=?  coeff=0.0073336713
  #494 IIYZZYIIIIIYYI  angle=?  coeff=0.000112319808
  #495 IIYZZYIIIIXZZX  angle=?  coeff=-0.00671643137
  #496 IIYZZYIIIYZZYI  angle=?  coeff=0.000119167463
  #497 IIYZZYIIXZZZZX  angle=?  coeff=-0.0073336713
  #498 IIYZZZIZYIIIII  angle=?  coeff=0.0126821808
  #499 IIYZZZIZZZYIII  angle=?  coeff=0.00831334475
  #500 IIYZZZYXZXIIII  angle=?  coeff=-0.000533490027
  #501 IIYZZZYXZZZXII  angle=?  coeff=0.000840806263
  #502 IIYZZZYYZYIIII  angle=?  coeff=-0.000533490027
  #503 IIYZZZYYZZZYII  angle=?  coeff=0.000840806263
  #504 IIYZZZZIYIIIII  angle=?  coeff=0.0132156708
  #505 IIYZZZZIZZYIII  angle=?  coeff=0.00747253849
  #506 IIYZZZZZIZYIII  angle=?  coeff=-0.0127889166
  #507 IIYZZZZZYIIIII  angle=?  coeff=0.0244131018
  #508 IIYZZZZZYIIIIZ  angle=?  coeff=0.0125785738
  #509 IIYZZZZZYIIIZI  angle=?  coeff=0.0125494264
  #510 IIYZZZZZYIIZII  angle=?  coeff=-0.0016784017
  #511 IIYZZZZZYIZIII  angle=?  coeff=0.000300476104
  #512 IIYZZZZZYXZXII  angle=?  coeff=-0.00306641622
  #513 IIYZZZZZYYZYII  angle=?  coeff=-0.00306641622
  #514 IIYZZZZZYZIIII  angle=?  coeff=-0.00465188315
  #515 IIYZZZZZZIYIII  angle=?  coeff=-0.00972250033
  #516 IIYZZZZZZXIIXY  angle=?  coeff=-2.91474494e-05
  #517 IIYZZZZZZXXYII  angle=?  coeff=0.00197887781
  #518 IIYZZZZZZYIIXX  angle=?  coeff=2.91474494e-05
  #519 IIYZZZZZZYXXII  angle=?  coeff=-0.00197887781
  #520 IIYZZZZZZZYIII  angle=?  coeff=0.0442265311
  #521 IIYZZZZZZZYIIZ  angle=?  coeff=0.00878560965
  #522 IIYZZZZZZZYIZI  angle=?  coeff=0.00839401552
  #523 IIYZZZZZZZYZII  angle=?  coeff=-0.028539723
  #524 IIYZZZZZZZZXXY  angle=?  coeff=-0.000391594125
  #525 IIYZZZZZZZZYXX  angle=?  coeff=0.000391594125
  #526 IIZIIIIIIIIIII  angle=?  coeff=0.0898856627
  #527 IIZIIIIIIIIIIZ  angle=?  coeff=0.12592138
  #528 IIZIIIIIIIIIZI  angle=?  coeff=0.121955952
  #529 IIZIIIIIIIIZII  angle=?  coeff=0.124524927
  #530 IIZIIIIIIIZIII  angle=?  coeff=0.0990644151
  #531 IIZIIIIIIXZXII  angle=?  coeff=-0.0222502778
  #532 IIZIIIIIIYZYII  angle=?  coeff=-0.0222502778
  #533 IIZIIIIIIZIIII  angle=?  coeff=0.082986282
  #534 IIZIIIIIXZXIII  angle=?  coeff=-0.0129343725
  #535 IIZIIIIIYZYIII  angle=?  coeff=-0.0129343725
  #536 IIZIIIIIZIIIII  angle=?  coeff=0.0749231085
  #537 IIZIIIIZIIIIII  angle=?  coeff=0.134015189
  #538 IIZIIIZIIIIIII  angle=?  coeff=0.124481293
  #539 IIZIIXZZZZZZZX  angle=?  coeff=0.0346493325
  #540 IIZIIYZZZZZZZY  angle=?  coeff=0.0346493325
  #541 IIZIIZIIIIIIII  angle=?  coeff=0.143764026
  #542 IIZIXZZZZZZZXI  angle=?  coeff=0.0317777277
  #543 IIZIYZZZZZZZYI  angle=?  coeff=0.0317777277
  #544 IIZIZIIIIIIIII  angle=?  coeff=0.133325638
  #545 IIZXZZZZZXIIII  angle=?  coeff=0.0151907421
  #546 IIZXZZZZZZZXII  angle=?  coeff=0.00696832853
  #547 IIZYZZZZZYIIII  angle=?  coeff=0.0151907421
  #548 IIZYZZZZZZZYII  angle=?  coeff=0.00696832853
  #549 IIZZIIIIIIIIII  angle=?  coeff=0.15710889
  #550 IXIXIIIIIIIIII  angle=?  coeff=0.00915663591
  #551 IXIZZZZZZXIIII  angle=?  coeff=0.0134258619
  #552 IXIZZZZZZZZXII  angle=?  coeff=-0.00433871437
  #553 IXXIIIIIIIIIXX  angle=?  coeff=0.00255942382
  #554 IXXIIIIIIIXXII  angle=?  coeff=-0.0112389126
  #555 IXXIIIIIIYYIII  angle=?  coeff=-0.00204703215
  #556 IXXIIIIIXXIIII  angle=?  coeff=-0.00541708653
  #557 IXXIIIIIXZZXII  angle=?  coeff=-0.00406984116
  #558 IXXIIIXXIIIIII  angle=?  coeff=0.00770923994
  #559 IXXIIYZZZZZZYI  angle=?  coeff=-0.00333624585
  #560 IXXIXXIIIIIIII  angle=?  coeff=0.00875589204
  #561 IXXIXZZZZZZZZX  angle=?  coeff=-0.00309049372
  #562 IXXYZZZZYIIIII  angle=?  coeff=-0.00609379311
  #563 IXXYZZZZZZYIII  angle=?  coeff=-0.0220035194
  #564 IXYIIIIIIIIIYX  angle=?  coeff=0.00255942382
  #565 IXYIIIIIIIYXII  angle=?  coeff=-0.0112389126
  #566 IXYIIIIIIYXIII  angle=?  coeff=0.00204703215
  #567 IXYIIIIIYXIIII  angle=?  coeff=-0.00541708653
  #568 IXYIIIIIYZZXII  angle=?  coeff=-0.00406984116
  #569 IXYIIIYXIIIIII  angle=?  coeff=0.00770923994
  #570 IXYIIYZZZZZZXI  angle=?  coeff=0.00333624585
  #571 IXYIYXIIIIIIII  angle=?  coeff=0.00875589204
  #572 IXYIYZZZZZZZZX  angle=?  coeff=-0.00309049372
  #573 IXYYZZZZXIIIII  angle=?  coeff=0.00609379311
  #574 IXYYZZZZZZXIII  angle=?  coeff=0.0220035194
  #575 IXZIZZZZZXIIII  angle=?  coeff=0.019519655
  #576 IXZIZZZZZZZXII  angle=?  coeff=0.017664805
  #577 IXZXIIIIIIIIII  angle=?  coeff=0.0415202318
  #578 IXZXIIIIIIIIIZ  angle=?  coeff=0.00607945616
  #579 IXZXIIIIIIIIZI  angle=?  coeff=0.00863887998
  #580 IXZXIIIIIIIZII  angle=?  coeff=-0.0122513284
  #581 IXZXIIIIIIZIII  angle=?  coeff=-0.0234902409
  #582 IXZXIIIIIXZXII  angle=?  coeff=-0.00278180882
  #583 IXZXIIIIIYZYII  angle=?  coeff=-0.000758999809
  #584 IXZXIIIIIZIIII  angle=?  coeff=-0.00713893522
  #585 IXZXIIIIXZXIII  angle=?  coeff=0.00128803234
  #586 IXZXIIIIYZYIII  angle=?  coeff=0.00128803234
  #587 IXZXIIIIZIIIII  angle=?  coeff=-0.0125560218
  #588 IXZXIIIZIIIIII  angle=?  coeff=0.000253004136
  #589 IXZXIIZIIIIIII  angle=?  coeff=0.00796224408
  #590 IXZXIXZZZZZZZX  angle=?  coeff=0.00238842664
  #591 IXZXIYZZZZZZZY  angle=?  coeff=0.00214267452
  #592 IXZXIZIIIIIIII  angle=?  coeff=0.000737252466
  #593 IXZXXZZZZZZZXI  angle=?  coeff=0.00547892037
  #594 IXZXYZZZZZZZYI  angle=?  coeff=0.00547892037
  #595 IXZXZIIIIIIIII  angle=?  coeff=0.0094931445
  #596 IXZYIIIIIYZXII  angle=?  coeff=-0.00202280901
  #597 IXZYIYZZZZZZZX  angle=?  coeff=0.000245752125
  #598 IXZZIZZZZXIIII  angle=?  coeff=0.0207145791
  #599 IXZZIZZZZZZXII  angle=?  coeff=0.0124748092
  #600 IXZZXIIIIIIYYI  angle=?  coeff=-0.0067414272
  #601 IXZZXIIIIIXZZX  angle=?  coeff=-0.00252910929
  #602 IXZZXIIIIYZZYI  angle=?  coeff=-0.0113774569
  #603 IXZZXIIIXZZZZX  angle=?  coeff=-0.00333632136
  #604 IXZZXYZZYIIIII  angle=?  coeff=0.00453004197
  #605 IXZZXYZZZZYIII  angle=?  coeff=0.00961476968
  #606 IXZZYIIIIIIYXI  angle=?  coeff=0.0067414272
  #607 IXZZYIIIIIYZZX  angle=?  coeff=-0.00252910929
  #608 IXZZYIIIIYZZXI  angle=?  coeff=0.0113774569
  #609 IXZZYIIIYZZZZX  angle=?  coeff=-0.00333632136
  #610 IXZZYYZZXIIIII  angle=?  coeff=-0.00453004197
  #611 IXZZYYZZZZXIII  angle=?  coeff=-0.00961476968
  #612 IXZZZIZZZXIIII  angle=?  coeff=0.0161845372
  #613 IXZZZIZZZZZXII  angle=?  coeff=0.00286003955
  #614 IXZZZXIIIIIXZX  angle=?  coeff=-0.00134455244
  #615 IXZZZXIIIIIYZY  angle=?  coeff=-0.00555687036
  #616 IXZZZXIIIIXZXI  angle=?  coeff=0.00118455685
  #617 IXZZZXIIIIYZYI  angle=?  coeff=0.00118455685
  #618 IXZZZXIIIXZZZX  angle=?  coeff=0.00437830755
  #619 IXZZZXIIIYZZZY  angle=?  coeff=-0.00366282798
  #620 IXZZZXIIXZZZXI  angle=?  coeff=0.00771462891
  #621 IXZZZXIIYZZZYI  angle=?  coeff=0.00771462891
  #622 IXZZZYIIIIIYZX  angle=?  coeff=0.00421231791
  #623 IXZZZYIIIYZZZX  angle=?  coeff=0.00804113553
  #624 IXZZZZIZZXIIII  angle=?  coeff=0.0175535979
  #625 IXZZZZIZZZZXII  angle=?  coeff=0.0105851114
  #626 IXZZZZXYYIIIII  angle=?  coeff=0.00302544156
  #627 IXZZZZXYZZYIII  angle=?  coeff=0.00896108088
  #628 IXZZZZYYXIIIII  angle=?  coeff=-0.00302544156
  #629 IXZZZZYYZZXIII  angle=?  coeff=-0.00896108088
  #630 IXZZZZZIZXIIII  angle=?  coeff=0.0145281564
  #631 IXZZZZZIZZZXII  angle=?  coeff=0.0016240305
  #632 IXZZZZZZIXIIII  angle=?  coeff=0.00283305903
  #633 IXZZZZZZIZZXII  angle=?  coeff=-0.00302400575
  #634 IXZZZZZZXIIIXX  angle=?  coeff=0.00123491604
  #635 IXZZZZZZXIXXII  angle=?  coeff=-0.00173808448
  #636 IXZZZZZZXYYIII  angle=?  coeff=0.00399306746
  #637 IXZZZZZZYIIIYX  angle=?  coeff=0.00123491604
  #638 IXZZZZZZYIYXII  angle=?  coeff=-0.00173808448
  #639 IXZZZZZZYYXIII  angle=?  coeff=-0.00399306746
  #640 IXZZZZZZZIZXII  angle=?  coeff=-0.00701707321
  #641 IXZZZZZZZXIIII  angle=?  coeff=0.0133955065
  #642 IXZZZZZZZXIIIZ  angle=?  coeff=0.0146277324
  #643 IXZZZZZZZXIIZI  angle=?  coeff=0.0158626485
  #644 IXZZZZZZZXIZII  angle=?  coeff=0.0085646466
  #645 IXZZZZZZZXZIII  angle=?  coeff=0.00682656212
  #646 IXZZZZZZZZIXII  angle=?  coeff=-0.0186100988
  #647 IXZZZZZZZZXIXX  angle=?  coeff=0.00284746649
  #648 IXZZZZZZZZYIYX  angle=?  coeff=0.00284746649
  #649 IXZZZZZZZZZXII  angle=?  coeff=0.0338920623
  #650 IXZZZZZZZZZXIZ  angle=?  coeff=0.00717083981
  #651 IXZZZZZZZZZXZI  angle=?  coeff=0.0100183063
  #652 IYIYIIIIIIIIII  angle=?  coeff=0.00915663591
  #653 IYIZZZZZZYIIII  angle=?  coeff=0.0134258619
  #654 IYIZZZZZZZZYII  angle=?  coeff=-0.00433871437
  #655 IYXIIIIIIIIIXY  angle=?  coeff=0.00255942382
  #656 IYXIIIIIIIXYII  angle=?  coeff=-0.0112389126
  #657 IYXIIIIIIXYIII  angle=?  coeff=0.00204703215
  #658 IYXIIIIIXYIIII  angle=?  coeff=-0.00541708653
  #659 IYXIIIIIXZZYII  angle=?  coeff=-0.00406984116
  #660 IYXIIIXYIIIIII  angle=?  coeff=0.00770923994
  #661 IYXIIXZZZZZZYI  angle=?  coeff=0.00333624585
  #662 IYXIXYIIIIIIII  angle=?  coeff=0.00875589204
  #663 IYXIXZZZZZZZZY  angle=?  coeff=-0.00309049372
  #664 IYXXZZZZYIIIII  angle=?  coeff=0.00609379311
  #665 IYXXZZZZZZYIII  angle=?  coeff=0.0220035194
  #666 IYYIIIIIIIIIYY  angle=?  coeff=0.00255942382
  #667 IYYIIIIIIIYYII  angle=?  coeff=-0.0112389126
  #668 IYYIIIIIIXXIII  angle=?  coeff=-0.00204703215
  #669 IYYIIIIIYYIIII  angle=?  coeff=-0.00541708653
  #670 IYYIIIIIYZZYII  angle=?  coeff=-0.00406984116
  #671 IYYIIIYYIIIIII  angle=?  coeff=0.00770923994
  #672 IYYIIXZZZZZZXI  angle=?  coeff=-0.00333624585
  #673 IYYIYYIIIIIIII  angle=?  coeff=0.00875589204
  #674 IYYIYZZZZZZZZY  angle=?  coeff=-0.00309049372
  #675 IYYXZZZZXIIIII  angle=?  coeff=-0.00609379311
  #676 IYYXZZZZZZXIII  angle=?  coeff=-0.0220035194
  #677 IYZIZZZZZYIIII  angle=?  coeff=0.019519655
  #678 IYZIZZZZZZZYII  angle=?  coeff=0.017664805
  #679 IYZXIIIIIXZYII  angle=?  coeff=-0.00202280901
  #680 IYZXIXZZZZZZZY  angle=?  coeff=0.000245752125
  #681 IYZYIIIIIIIIII  angle=?  coeff=0.0415202318
  #682 IYZYIIIIIIIIIZ  angle=?  coeff=0.00607945616
  #683 IYZYIIIIIIIIZI  angle=?  coeff=0.00863887998
  #684 IYZYIIIIIIIZII  angle=?  coeff=-0.0122513284
  #685 IYZYIIIIIIZIII  angle=?  coeff=-0.0234902409
  #686 IYZYIIIIIXZXII  angle=?  coeff=-0.000758999809
  #687 IYZYIIIIIYZYII  angle=?  coeff=-0.00278180882
  #688 IYZYIIIIIZIIII  angle=?  coeff=-0.00713893522
  #689 IYZYIIIIXZXIII  angle=?  coeff=0.00128803234
  #690 IYZYIIIIYZYIII  angle=?  coeff=0.00128803234
  #691 IYZYIIIIZIIIII  angle=?  coeff=-0.0125560218
  #692 IYZYIIIZIIIIII  angle=?  coeff=0.000253004136
  #693 IYZYIIZIIIIIII  angle=?  coeff=0.00796224408
  #694 IYZYIXZZZZZZZX  angle=?  coeff=0.00214267452
  #695 IYZYIYZZZZZZZY  angle=?  coeff=0.00238842664
  #696 IYZYIZIIIIIIII  angle=?  coeff=0.000737252466
  #697 IYZYXZZZZZZZXI  angle=?  coeff=0.00547892037
  #698 IYZYYZZZZZZZYI  angle=?  coeff=0.00547892037
  #699 IYZYZIIIIIIIII  angle=?  coeff=0.0094931445
  #700 IYZZIZZZZYIIII  angle=?  coeff=0.0207145791
  #701 IYZZIZZZZZZYII  angle=?  coeff=0.0124748092
  #702 IYZZXIIIIIIXYI  angle=?  coeff=0.0067414272
  #703 IYZZXIIIIIXZZY  angle=?  coeff=-0.00252910929
  #704 IYZZXIIIIXZZYI  angle=?  coeff=0.0113774569
  #705 IYZZXIIIXZZZZY  angle=?  coeff=-0.00333632136
  #706 IYZZXXZZYIIIII  angle=?  coeff=-0.00453004197
  #707 IYZZXXZZZZYIII  angle=?  coeff=-0.00961476968
  #708 IYZZYIIIIIIXXI  angle=?  coeff=-0.0067414272
  #709 IYZZYIIIIIYZZY  angle=?  coeff=-0.00252910929
  #710 IYZZYIIIIXZZXI  angle=?  coeff=-0.0113774569
  #711 IYZZYIIIYZZZZY  angle=?  coeff=-0.00333632136
  #712 IYZZYXZZXIIIII  angle=?  coeff=0.00453004197
  #713 IYZZYXZZZZXIII  angle=?  coeff=0.00961476968
  #714 IYZZZIZZZYIIII  angle=?  coeff=0.0161845372
  #715 IYZZZIZZZZZYII  angle=?  coeff=0.00286003955
  #716 IYZZZXIIIIIXZY  angle=?  coeff=0.00421231791
  #717 IYZZZXIIIXZZZY  angle=?  coeff=0.00804113553
  #718 IYZZZYIIIIIXZX  angle=?  coeff=-0.00555687036
  #719 IYZZZYIIIIIYZY  angle=?  coeff=-0.00134455244
  #720 IYZZZYIIIIXZXI  angle=?  coeff=0.00118455685
  #721 IYZZZYIIIIYZYI  angle=?  coeff=0.00118455685
  #722 IYZZZYIIIXZZZX  angle=?  coeff=-0.00366282798
  #723 IYZZZYIIIYZZZY  angle=?  coeff=0.00437830755
  #724 IYZZZYIIXZZZXI  angle=?  coeff=0.00771462891
  #725 IYZZZYIIYZZZYI  angle=?  coeff=0.00771462891
  #726 IYZZZZIZZYIIII  angle=?  coeff=0.0175535979
  #727 IYZZZZIZZZZYII  angle=?  coeff=0.0105851114
  #728 IYZZZZXXYIIIII  angle=?  coeff=-0.00302544156
  #729 IYZZZZXXZZYIII  angle=?  coeff=-0.00896108088
  #730 IYZZZZYXXIIIII  angle=?  coeff=0.00302544156
  #731 IYZZZZYXZZXIII  angle=?  coeff=0.00896108088
  #732 IYZZZZZIZYIIII  angle=?  coeff=0.0145281564
  #733 IYZZZZZIZZZYII  angle=?  coeff=0.0016240305
  #734 IYZZZZZZIYIIII  angle=?  coeff=0.00283305903
  #735 IYZZZZZZIZZYII  angle=?  coeff=-0.00302400575
  #736 IYZZZZZZXIIIXY  angle=?  coeff=0.00123491604
  #737 IYZZZZZZXIXYII  angle=?  coeff=-0.00173808448
  #738 IYZZZZZZXXYIII  angle=?  coeff=-0.00399306746
  #739 IYZZZZZZYIIIYY  angle=?  coeff=0.00123491604
  #740 IYZZZZZZYIYYII  angle=?  coeff=-0.00173808448
  #741 IYZZZZZZYXXIII  angle=?  coeff=0.00399306746
  #742 IYZZZZZZZIZYII  angle=?  coeff=-0.00701707321
  #743 IYZZZZZZZYIIII  angle=?  coeff=0.0133955065
  #744 IYZZZZZZZYIIIZ  angle=?  coeff=0.0146277324
  #745 IYZZZZZZZYIIZI  angle=?  coeff=0.0158626485
  #746 IYZZZZZZZYIZII  angle=?  coeff=0.0085646466
  #747 IYZZZZZZZYZIII  angle=?  coeff=0.00682656212
  #748 IYZZZZZZZZIYII  angle=?  coeff=-0.0186100988
  #749 IYZZZZZZZZXIXY  angle=?  coeff=0.00284746649
  #750 IYZZZZZZZZYIYY  angle=?  coeff=0.00284746649
  #751 IYZZZZZZZZZYII  angle=?  coeff=0.0338920623
  #752 IYZZZZZZZZZYIZ  angle=?  coeff=0.00717083981
  #753 IYZZZZZZZZZYZI  angle=?  coeff=0.0100183063
  #754 IZIIIIIIIIIIII  angle=?  coeff=0.301643589
  #755 IZIIIIIIIIIIIZ  angle=?  coeff=0.126512302
  #756 IZIIIIIIIIIIZI  angle=?  coeff=0.134495448
  #757 IZIIIIIIIIIZII  angle=?  coeff=0.116730157
  #758 IZIIIIIIIIZIII  angle=?  coeff=0.131793794
  #759 IZIIIIIIIXZXII  angle=?  coeff=-0.0168382165
  #760 IZIIIIIIIYZYII  angle=?  coeff=-0.0168382165
  #761 IZIIIIIIIZIIII  angle=?  coeff=0.0808847151
  #762 IZIIIIIIXZXIII  angle=?  coeff=-0.0234333237
  #763 IZIIIIIIYZYIII  angle=?  coeff=-0.0234333237
  #764 IZIIIIIIZIIIII  angle=?  coeff=0.0902440536
  #765 IZIIIIIZIIIIII  angle=?  coeff=0.119831998
  #766 IZIIIIZIIIIIII  angle=?  coeff=0.145335499
  #767 IZIIIXZZZZZZZX  angle=?  coeff=0.0318664047
  #768 IZIIIYZZZZZZZY  angle=?  coeff=0.0318664047
  #769 IZIIIZIIIIIIII  angle=?  coeff=0.128367649
  #770 IZIIXZZZZZZZXI  angle=?  coeff=0.0404020012
  #771 IZIIYZZZZZZZYI  angle=?  coeff=0.0404020012
  #772 IZIIZIIIIIIIII  angle=?  coeff=0.156861268
  #773 IZIXZZZZZXIIII  angle=?  coeff=0.00997906809
  #774 IZIXZZZZZZZXII  angle=?  coeff=0.00249590299
  #775 IZIYZZZZZYIIII  angle=?  coeff=0.00997906809
  #776 IZIYZZZZZZZYII  angle=?  coeff=0.00249590299
  #777 IZIZIIIIIIIIII  angle=?  coeff=0.11793801
  #778 IZXZZZZZXIIIII  angle=?  coeff=0.0140890059
  #779 IZXZZZZZZZXIII  angle=?  coeff=-0.00275788349
  #780 IZYZZZZZYIIIII  angle=?  coeff=0.0140890059
  #781 IZYZZZZZZZYIII  angle=?  coeff=-0.00275788349
  #782 IZZIIIIIIIIIII  angle=?  coeff=0.150027281
  #783 XIXIIIIIIIIIII  angle=?  coeff=-0.0103696172
  #784 XIZZZZZZXIIIII  angle=?  coeff=0.02434719
  #785 XIZZZZZZZZXIII  angle=?  coeff=0.00597826973
  #786 XXIIIIIIIIIIYY  angle=?  coeff=-0.00798314675
  #787 XXIIIIIIIIYYII  angle=?  coeff=-0.0150636373
  #788 XXIIIIIIIXXIII  angle=?  coeff=-0.00659510719
  #789 XXIIIIIIYYIIII  angle=?  coeff=-0.00935933855
  #790 XXIIIIIIYZZYII  angle=?  coeff=-0.00659510719
  #791 XXIIIIYYIIIIII  angle=?  coeff=-0.0255035011
  #792 XXIIIXZZZZZZXI  angle=?  coeff=0.00853559645
  #793 XXIIYYIIIIIIII  angle=?  coeff=-0.028493619
  #794 XXIIYZZZZZZZZY  angle=?  coeff=0.00853559645
  #795 XXIXZZZZXIIIII  angle=?  coeff=0.00410993779
  #796 XXIXZZZZZZXIII  angle=?  coeff=-0.00525378648
  #797 XXYYIIIIIIIIII  angle=?  coeff=-0.0320892707
  #798 XXYZZZZZZYIIII  angle=?  coeff=0.00410993779
  #799 XXYZZZZZZZZYII  angle=?  coeff=-0.00525378648
  #800 XYIIIIIIIIIIYX  angle=?  coeff=0.00798314675
  #801 XYIIIIIIIIYXII  angle=?  coeff=0.0150636373
  #802 XYIIIIIIIYXIII  angle=?  coeff=-0.00659510719
  #803 XYIIIIIIYXIIII  angle=?  coeff=0.00935933855
  #804 XYIIIIIIYZZXII  angle=?  coeff=0.00659510719
  #805 XYIIIIYXIIIIII  angle=?  coeff=0.0255035011
  #806 XYIIIYZZZZZZXI  angle=?  coeff=0.00853559645
  #807 XYIIYXIIIIIIII  angle=?  coeff=0.028493619
  #808 XYIIYZZZZZZZZX  angle=?  coeff=-0.00853559645
  #809 XYIYZZZZXIIIII  angle=?  coeff=0.00410993779
  #810 XYIYZZZZZZXIII  angle=?  coeff=-0.00525378648
  #811 XYYXIIIIIIIIII  angle=?  coeff=0.0320892707
  #812 XYYZZZZZZXIIII  angle=?  coeff=-0.00410993779
  #813 XYYZZZZZZZZXII  angle=?  coeff=0.00525378648
  #814 XZIZZZZZXIIIII  angle=?  coeff=0.019519655
  #815 XZIZZZZZZZXIII  angle=?  coeff=0.017664805
  #816 XZXIIIIIIIIIII  angle=?  coeff=0.0415202318
  #817 XZXIIIIIIIIIIZ  angle=?  coeff=0.00863887998
  #818 XZXIIIIIIIIIZI  angle=?  coeff=0.00607945616
  #819 XZXIIIIIIIIZII  angle=?  coeff=-0.0234902409
  #820 XZXIIIIIIIZIII  angle=?  coeff=-0.0122513284
  #821 XZXIIIIIIXZXII  angle=?  coeff=0.00128803234
  #822 XZXIIIIIIYZYII  angle=?  coeff=0.00128803234
  #823 XZXIIIIIIZIIII  angle=?  coeff=-0.0125560218
  #824 XZXIIIIIXZXIII  angle=?  coeff=-0.00278180882
  #825 XZXIIIIIYZYIII  angle=?  coeff=-0.000758999809
  #826 XZXIIIIIZIIIII  angle=?  coeff=-0.00713893522
  #827 XZXIIIIZIIIIII  angle=?  coeff=0.00796224408
  #828 XZXIIIZIIIIIII  angle=?  coeff=0.000253004136
  #829 XZXIIXZZZZZZZX  angle=?  coeff=0.00547892037
  #830 XZXIIYZZZZZZZY  angle=?  coeff=0.00547892037
  #831 XZXIIZIIIIIIII  angle=?  coeff=0.0094931445
  #832 XZXIXZZZZZZZXI  angle=?  coeff=0.00238842664
  #833 XZXIYZZZZZZZYI  angle=?  coeff=0.00214267452
  #834 XZXIZIIIIIIIII  angle=?  coeff=0.000737252466
  #835 XZXXZZZZZXIIII  angle=?  coeff=0.00609379311
  #836 XZXXZZZZZZZXII  angle=?  coeff=0.0220035194
  #837 XZXYZZZZZYIIII  angle=?  coeff=0.00609379311
  #838 XZXYZZZZZZZYII  angle=?  coeff=0.0220035194
  #839 XZXZIIIIIIIIII  angle=?  coeff=0.00915663591
  #840 XZYIIIIIYZXIII  angle=?  coeff=-0.00202280901
  #841 XZYIYZZZZZZZXI  angle=?  coeff=0.000245752125
  #842 XZZIZZZZXIIIII  angle=?  coeff=0.0134258619
  #843 XZZIZZZZZZXIII  angle=?  coeff=-0.00433871437
  #844 XZZXIIIIIIIIYY  angle=?  coeff=0.00255942382
  #845 XZZXIIIIIIYYII  angle=?  coeff=-0.0112389126
  #846 XZZXIIIIIXXIII  angle=?  coeff=-0.00406984116
  #847 XZZXIIIIYYIIII  angle=?  coeff=-0.00541708653
  #848 XZZXIIIIYZZYII  angle=?  coeff=-0.00204703215
  #849 XZZXIIYYIIIIII  angle=?  coeff=0.00770923994
  #850 XZZXIXZZZZZZXI  angle=?  coeff=-0.00309049372
  #851 XZZXYYIIIIIIII  angle=?  coeff=0.00875589204
  #852 XZZXYZZZZZZZZY  angle=?  coeff=-0.00333624585
  #853 XZZYIIIIIIIIYX  angle=?  coeff=-0.00255942382
  #854 XZZYIIIIIIYXII  angle=?  coeff=0.0112389126
  #855 XZZYIIIIIYXIII  angle=?  coeff=-0.00406984116
  #856 XZZYIIIIYXIIII  angle=?  coeff=0.00541708653
  #857 XZZYIIIIYZZXII  angle=?  coeff=0.00204703215
  #858 XZZYIIYXIIIIII  angle=?  coeff=-0.00770923994
  #859 XZZYIYZZZZZZXI  angle=?  coeff=-0.00309049372
  #860 XZZYYXIIIIIIII  angle=?  coeff=-0.00875589204
  #861 XZZYYZZZZZZZZX  angle=?  coeff=0.00333624585
  #862 XZZZIZZZXIIIII  angle=?  coeff=0.0161845372
  #863 XZZZIZZZZZXIII  angle=?  coeff=0.00286003955
  #864 XZZZXIIIIIIXZX  angle=?  coeff=0.00118455685
  #865 XZZZXIIIIIIYZY  angle=?  coeff=0.00118455685
  #866 XZZZXIIIIIXZXI  angle=?  coeff=-0.00134455244
  #867 XZZZXIIIIIYZYI  angle=?  coeff=-0.00555687036
  #868 XZZZXIIIIXZZZX  angle=?  coeff=0.00771462891
  #869 XZZZXIIIIYZZZY  angle=?  coeff=0.00771462891
  #870 XZZZXIIIXZZZXI  angle=?  coeff=0.00437830755
  #871 XZZZXIIIYZZZYI  angle=?  coeff=-0.00366282798
  #872 XZZZXXZZZXIIII  angle=?  coeff=-0.00453004197
  #873 XZZZXXZZZZZXII  angle=?  coeff=-0.00961476968
  #874 XZZZXYZZZYIIII  angle=?  coeff=-0.00453004197
  #875 XZZZXYZZZZZYII  angle=?  coeff=-0.00961476968
  #876 XZZZYIIIIIYZXI  angle=?  coeff=0.00421231791
  #877 XZZZYIIIYZZZXI  angle=?  coeff=0.00804113553
  #878 XZZZZIZZXIIIII  angle=?  coeff=0.0207145791
  #879 XZZZZIZZZZXIII  angle=?  coeff=0.0124748092
  #880 XZZZZXIIIIIXXI  angle=?  coeff=-0.00252910929
  #881 XZZZZXIIIIYZZY  angle=?  coeff=-0.0067414272
  #882 XZZZZXIIIXZZXI  angle=?  coeff=-0.00333632136
  #883 XZZZZXIIYZZZZY  angle=?  coeff=-0.0113774569
  #884 XZZZZYIIIIIYXI  angle=?  coeff=-0.00252910929
  #885 XZZZZYIIIIYZZX  angle=?  coeff=0.0067414272
  #886 XZZZZYIIIYZZXI  angle=?  coeff=-0.00333632136
  #887 XZZZZYIIYZZZZX  angle=?  coeff=0.0113774569
  #888 XZZZZZIZXIIIII  angle=?  coeff=0.0145281564
  #889 XZZZZZIZZZXIII  angle=?  coeff=0.0016240305
  #890 XZZZZZXXZXIIII  angle=?  coeff=-0.00302544156
  #891 XZZZZZXXZZZXII  angle=?  coeff=-0.00896108088
  #892 XZZZZZXYZYIIII  angle=?  coeff=-0.00302544156
  #893 XZZZZZXYZZZYII  angle=?  coeff=-0.00896108088
  #894 XZZZZZZIXIIIII  angle=?  coeff=0.0175535979
  #895 XZZZZZZIZZXIII  angle=?  coeff=0.0105851114
  #896 XZZZZZZZIZXIII  angle=?  coeff=-0.00701707321
  #897 XZZZZZZZXIIIII  angle=?  coeff=0.0133955065
  #898 XZZZZZZZXIIIIZ  angle=?  coeff=0.0158626485
  #899 XZZZZZZZXIIIZI  angle=?  coeff=0.0146277324
  #900 XZZZZZZZXIIZII  angle=?  coeff=0.00682656212
  #901 XZZZZZZZXIZIII  angle=?  coeff=0.0085646466
  #902 XZZZZZZZXXZXII  angle=?  coeff=-0.00399306746
  #903 XZZZZZZZXYZYII  angle=?  coeff=-0.00399306746
  #904 XZZZZZZZXZIIII  angle=?  coeff=0.00283305903
  #905 XZZZZZZZZIXIII  angle=?  coeff=-0.00302400575
  #906 XZZZZZZZZXIIYY  angle=?  coeff=0.00123491604
  #907 XZZZZZZZZXYYII  angle=?  coeff=-0.00173808448
  #908 XZZZZZZZZYIIYX  angle=?  coeff=-0.00123491604
  #909 XZZZZZZZZYYXII  angle=?  coeff=0.00173808448
  #910 XZZZZZZZZZXIII  angle=?  coeff=0.0338920623
  #911 XZZZZZZZZZXIIZ  angle=?  coeff=0.0100183063
  #912 XZZZZZZZZZXIZI  angle=?  coeff=0.00717083981
  #913 XZZZZZZZZZXZII  angle=?  coeff=-0.0186100988
  #914 XZZZZZZZZZZXYY  angle=?  coeff=0.00284746649
  #915 XZZZZZZZZZZYYX  angle=?  coeff=-0.00284746649
  #916 YIYIIIIIIIIIII  angle=?  coeff=-0.0103696172
  #917 YIZZZZZZYIIIII  angle=?  coeff=0.02434719
  #918 YIZZZZZZZZYIII  angle=?  coeff=0.00597826973
  #919 YXIIIIIIIIIIXY  angle=?  coeff=0.00798314675
  #920 YXIIIIIIIIXYII  angle=?  coeff=0.0150636373
  #921 YXIIIIIIIXYIII  angle=?  coeff=-0.00659510719
  #922 YXIIIIIIXYIIII  angle=?  coeff=0.00935933855
  #923 YXIIIIIIXZZYII  angle=?  coeff=0.00659510719
  #924 YXIIIIXYIIIIII  angle=?  coeff=0.0255035011
  #925 YXIIIXZZZZZZYI  angle=?  coeff=0.00853559645
  #926 YXIIXYIIIIIIII  angle=?  coeff=0.028493619
  #927 YXIIXZZZZZZZZY  angle=?  coeff=-0.00853559645
  #928 YXIXZZZZYIIIII  angle=?  coeff=0.00410993779
  #929 YXIXZZZZZZYIII  angle=?  coeff=-0.00525378648
  #930 YXXYIIIIIIIIII  angle=?  coeff=0.0320892707
  #931 YXXZZZZZZYIIII  angle=?  coeff=-0.00410993779
  #932 YXXZZZZZZZZYII  angle=?  coeff=0.00525378648
  #933 YYIIIIIIIIIIXX  angle=?  coeff=-0.00798314675
  #934 YYIIIIIIIIXXII  angle=?  coeff=-0.0150636373
  #935 YYIIIIIIIYYIII  angle=?  coeff=-0.00659510719
  #936 YYIIIIIIXXIIII  angle=?  coeff=-0.00935933855
  #937 YYIIIIIIXZZXII  angle=?  coeff=-0.00659510719
  #938 YYIIIIXXIIIIII  angle=?  coeff=-0.0255035011
  #939 YYIIIYZZZZZZYI  angle=?  coeff=0.00853559645
  #940 YYIIXXIIIIIIII  angle=?  coeff=-0.028493619
  #941 YYIIXZZZZZZZZX  angle=?  coeff=0.00853559645
  #942 YYIYZZZZYIIIII  angle=?  coeff=0.00410993779
  #943 YYIYZZZZZZYIII  angle=?  coeff=-0.00525378648
  #944 YYXXIIIIIIIIII  angle=?  coeff=-0.0320892707
  #945 YYXZZZZZZXIIII  angle=?  coeff=0.00410993779
  #946 YYXZZZZZZZZXII  angle=?  coeff=-0.00525378648
  #947 YZIZZZZZYIIIII  angle=?  coeff=0.019519655
  #948 YZIZZZZZZZYIII  angle=?  coeff=0.017664805
  #949 YZXIIIIIXZYIII  angle=?  coeff=-0.00202280901
  #950 YZXIXZZZZZZZYI  angle=?  coeff=0.000245752125
  #951 YZYIIIIIIIIIII  angle=?  coeff=0.0415202318
  #952 YZYIIIIIIIIIIZ  angle=?  coeff=0.00863887998
  #953 YZYIIIIIIIIIZI  angle=?  coeff=0.00607945616
  #954 YZYIIIIIIIIZII  angle=?  coeff=-0.0234902409
  #955 YZYIIIIIIIZIII  angle=?  coeff=-0.0122513284
  #956 YZYIIIIIIXZXII  angle=?  coeff=0.00128803234
  #957 YZYIIIIIIYZYII  angle=?  coeff=0.00128803234
  #958 YZYIIIIIIZIIII  angle=?  coeff=-0.0125560218
  #959 YZYIIIIIXZXIII  angle=?  coeff=-0.000758999809
  #960 YZYIIIIIYZYIII  angle=?  coeff=-0.00278180882
  #961 YZYIIIIIZIIIII  angle=?  coeff=-0.00713893522
  #962 YZYIIIIZIIIIII  angle=?  coeff=0.00796224408
  #963 YZYIIIZIIIIIII  angle=?  coeff=0.000253004136
  #964 YZYIIXZZZZZZZX  angle=?  coeff=0.00547892037
  #965 YZYIIYZZZZZZZY  angle=?  coeff=0.00547892037
  #966 YZYIIZIIIIIIII  angle=?  coeff=0.0094931445
  #967 YZYIXZZZZZZZXI  angle=?  coeff=0.00214267452
  #968 YZYIYZZZZZZZYI  angle=?  coeff=0.00238842664
  #969 YZYIZIIIIIIIII  angle=?  coeff=0.000737252466
  #970 YZYXZZZZZXIIII  angle=?  coeff=0.00609379311
  #971 YZYXZZZZZZZXII  angle=?  coeff=0.0220035194
  #972 YZYYZZZZZYIIII  angle=?  coeff=0.00609379311
  #973 YZYYZZZZZZZYII  angle=?  coeff=0.0220035194
  #974 YZYZIIIIIIIIII  angle=?  coeff=0.00915663591
  #975 YZZIZZZZYIIIII  angle=?  coeff=0.0134258619
  #976 YZZIZZZZZZYIII  angle=?  coeff=-0.00433871437
  #977 YZZXIIIIIIIIXY  angle=?  coeff=-0.00255942382
  #978 YZZXIIIIIIXYII  angle=?  coeff=0.0112389126
  #979 YZZXIIIIIXYIII  angle=?  coeff=-0.00406984116
  #980 YZZXIIIIXYIIII  angle=?  coeff=0.00541708653
  #981 YZZXIIIIXZZYII  angle=?  coeff=0.00204703215
  #982 YZZXIIXYIIIIII  angle=?  coeff=-0.00770923994
  #983 YZZXIXZZZZZZYI  angle=?  coeff=-0.00309049372
  #984 YZZXXYIIIIIIII  angle=?  coeff=-0.00875589204
  #985 YZZXXZZZZZZZZY  angle=?  coeff=0.00333624585
  #986 YZZYIIIIIIIIXX  angle=?  coeff=0.00255942382
  #987 YZZYIIIIIIXXII  angle=?  coeff=-0.0112389126
  #988 YZZYIIIIIYYIII  angle=?  coeff=-0.00406984116
  #989 YZZYIIIIXXIIII  angle=?  coeff=-0.00541708653
  #990 YZZYIIIIXZZXII  angle=?  coeff=-0.00204703215
  #991 YZZYIIXXIIIIII  angle=?  coeff=0.00770923994
  #992 YZZYIYZZZZZZYI  angle=?  coeff=-0.00309049372
  #993 YZZYXXIIIIIIII  angle=?  coeff=0.00875589204
  #994 YZZYXZZZZZZZZX  angle=?  coeff=-0.00333624585
  #995 YZZZIZZZYIIIII  angle=?  coeff=0.0161845372
  #996 YZZZIZZZZZYIII  angle=?  coeff=0.00286003955
  #997 YZZZXIIIIIXZYI  angle=?  coeff=0.00421231791
  #998 YZZZXIIIXZZZYI  angle=?  coeff=0.00804113553
  #999 YZZZYIIIIIIXZX  angle=?  coeff=0.00118455685
  #1000 YZZZYIIIIIIYZY  angle=?  coeff=0.00118455685
  #1001 YZZZYIIIIIXZXI  angle=?  coeff=-0.00555687036
  #1002 YZZZYIIIIIYZYI  angle=?  coeff=-0.00134455244
  #1003 YZZZYIIIIXZZZX  angle=?  coeff=0.00771462891
  #1004 YZZZYIIIIYZZZY  angle=?  coeff=0.00771462891
  #1005 YZZZYIIIXZZZXI  angle=?  coeff=-0.00366282798
  #1006 YZZZYIIIYZZZYI  angle=?  coeff=0.00437830755
  #1007 YZZZYXZZZXIIII  angle=?  coeff=-0.00453004197
  #1008 YZZZYXZZZZZXII  angle=?  coeff=-0.00961476968
  #1009 YZZZYYZZZYIIII  angle=?  coeff=-0.00453004197
  #1010 YZZZYYZZZZZYII  angle=?  coeff=-0.00961476968
  #1011 YZZZZIZZYIIIII  angle=?  coeff=0.0207145791
  #1012 YZZZZIZZZZYIII  angle=?  coeff=0.0124748092
  #1013 YZZZZXIIIIIXYI  angle=?  coeff=-0.00252910929
  #1014 YZZZZXIIIIXZZY  angle=?  coeff=0.0067414272
  #1015 YZZZZXIIIXZZYI  angle=?  coeff=-0.00333632136
  #1016 YZZZZXIIXZZZZY  angle=?  coeff=0.0113774569
  #1017 YZZZZYIIIIIYYI  angle=?  coeff=-0.00252910929
  #1018 YZZZZYIIIIXZZX  angle=?  coeff=-0.0067414272
  #1019 YZZZZYIIIYZZYI  angle=?  coeff=-0.00333632136
  #1020 YZZZZYIIXZZZZX  angle=?  coeff=-0.0113774569
  #1021 YZZZZZIZYIIIII  angle=?  coeff=0.0145281564
  #1022 YZZZZZIZZZYIII  angle=?  coeff=0.0016240305
  #1023 YZZZZZYXZXIIII  angle=?  coeff=-0.00302544156
  #1024 YZZZZZYXZZZXII  angle=?  coeff=-0.00896108088
  #1025 YZZZZZYYZYIIII  angle=?  coeff=-0.00302544156
  #1026 YZZZZZYYZZZYII  angle=?  coeff=-0.00896108088
  #1027 YZZZZZZIYIIIII  angle=?  coeff=0.0175535979
  #1028 YZZZZZZIZZYIII  angle=?  coeff=0.0105851114
  #1029 YZZZZZZZIZYIII  angle=?  coeff=-0.00701707321
  #1030 YZZZZZZZYIIIII  angle=?  coeff=0.0133955065
  #1031 YZZZZZZZYIIIIZ  angle=?  coeff=0.0158626485
  #1032 YZZZZZZZYIIIZI  angle=?  coeff=0.0146277324
  #1033 YZZZZZZZYIIZII  angle=?  coeff=0.00682656212
  #1034 YZZZZZZZYIZIII  angle=?  coeff=0.0085646466
  #1035 YZZZZZZZYXZXII  angle=?  coeff=-0.00399306746
  #1036 YZZZZZZZYYZYII  angle=?  coeff=-0.00399306746
  #1037 YZZZZZZZYZIIII  angle=?  coeff=0.00283305903
  #1038 YZZZZZZZZIYIII  angle=?  coeff=-0.00302400575
  #1039 YZZZZZZZZXIIXY  angle=?  coeff=-0.00123491604
  #1040 YZZZZZZZZXXYII  angle=?  coeff=0.00173808448
  #1041 YZZZZZZZZYIIXX  angle=?  coeff=0.00123491604
  #1042 YZZZZZZZZYXXII  angle=?  coeff=-0.00173808448
  #1043 YZZZZZZZZZYIII  angle=?  coeff=0.0338920623
  #1044 YZZZZZZZZZYIIZ  angle=?  coeff=0.0100183063
  #1045 YZZZZZZZZZYIZI  angle=?  coeff=0.00717083981
  #1046 YZZZZZZZZZYZII  angle=?  coeff=-0.0186100988
  #1047 YZZZZZZZZZZXXY  angle=?  coeff=-0.00284746649
  #1048 YZZZZZZZZZZYXX  angle=?  coeff=0.00284746649
  #1049 ZIIIIIIIIIIIII  angle=?  coeff=0.301643589
  #1050 ZIIIIIIIIIIIIZ  angle=?  coeff=0.134495448
  #1051 ZIIIIIIIIIIIZI  angle=?  coeff=0.126512302
  #1052 ZIIIIIIIIIIZII  angle=?  coeff=0.131793794
  #1053 ZIIIIIIIIIZIII  angle=?  coeff=0.116730157
  #1054 ZIIIIIIIIXZXII  angle=?  coeff=-0.0234333237
  #1055 ZIIIIIIIIYZYII  angle=?  coeff=-0.0234333237
  #1056 ZIIIIIIIIZIIII  angle=?  coeff=0.0902440536
  #1057 ZIIIIIIIXZXIII  angle=?  coeff=-0.0168382165
  #1058 ZIIIIIIIYZYIII  angle=?  coeff=-0.0168382165
  #1059 ZIIIIIIIZIIIII  angle=?  coeff=0.0808847151
  #1060 ZIIIIIIZIIIIII  angle=?  coeff=0.145335499
  #1061 ZIIIIIZIIIIIII  angle=?  coeff=0.119831998
  #1062 ZIIIIXZZZZZZZX  angle=?  coeff=0.0404020012
  #1063 ZIIIIYZZZZZZZY  angle=?  coeff=0.0404020012
  #1064 ZIIIIZIIIIIIII  angle=?  coeff=0.156861268
  #1065 ZIIIXZZZZZZZXI  angle=?  coeff=0.0318664047
  #1066 ZIIIYZZZZZZZYI  angle=?  coeff=0.0318664047
  #1067 ZIIIZIIIIIIIII  angle=?  coeff=0.128367649
  #1068 ZIIXZZZZZXIIII  angle=?  coeff=0.0140890059
  #1069 ZIIXZZZZZZZXII  angle=?  coeff=-0.00275788349
  #1070 ZIIYZZZZZYIIII  angle=?  coeff=0.0140890059
  #1071 ZIIYZZZZZZZYII  angle=?  coeff=-0.00275788349
  #1072 ZIIZIIIIIIIIII  angle=?  coeff=0.150027281
  #1073 ZIXZZZZZXIIIII  angle=?  coeff=0.00997906809
  #1074 ZIXZZZZZZZXIII  angle=?  coeff=0.00249590299
  #1075 ZIYZZZZZYIIIII  angle=?  coeff=0.00997906809
  #1076 ZIYZZZZZZZYIII  angle=?  coeff=0.00249590299
  #1077 ZIZIIIIIIIIIII  angle=?  coeff=0.11793801
  #1078 ZXZXIIIIIIIIII  angle=?  coeff=-0.0103696172
  #1079 ZXZZZZZZZXIIII  angle=?  coeff=0.02434719
  #1080 ZXZZZZZZZZZXII  angle=?  coeff=0.00597826973
  #1081 ZYZYIIIIIIIIII  angle=?  coeff=-0.0103696172
  #1082 ZYZZZZZZZYIIII  angle=?  coeff=0.02434719
  #1083 ZYZZZZZZZZZYII  angle=?  coeff=0.00597826973
  #1084 ZZIIIIIIIIIIII  angle=?  coeff=0.171257344
Try: tableau optimize collapse && tableau optimize ncf

qsyn> tableau optimize collapse

qsyn> tableau copy 1

qsyn> tableau checkout 1

qsyn> convert tableau qcir -r naive

qsyn> qcir write /home/chenying/qsyn/out/ncf2q_10cases/NH-JW-14/NH-JW-14_before_2qncf_clifford_rz.qasm

qsyn> tableau checkout 0

qsyn> tableau optimize ncf --two-qubit --window 128
[warn]     NCF-2q: group size=6 idxs=[0, 6, 3, 14, 4, 7]
[warn]     NCF-2q: group size=6 idxs=[1, 8, 61, 72, 63, 78]
[warn]     NCF-2q: group size=7 idxs=[2, 104, 82, 127, 106, 151, 152]
[warn]     NCF-2q: group size=6 idxs=[5, 15, 9, 20, 19, 30]
[warn]     NCF-2q: group size=6 idxs=[10, 16, 31, 42, 53, 57]
[warn]     NCF-2q: group size=7 idxs=[11, 32, 21, 43, 38, 48, 55]
[warn]     NCF-2q: group size=6 idxs=[12, 33, 73, 83, 94, 96]
[warn]     NCF-2q: group size=5 idxs=[13, 17, 18, 34, 40]
[warn]     NCF-2q: group size=6 idxs=[22, 23, 41, 44, 47, 54]
[warn]     NCF-2q: group size=5 idxs=[24, 26, 27, 45, 52]
[warn]     NCF-2q: group size=6 idxs=[25, 28, 35, 56, 39, 58]
[warn]     NCF-2q: group size=5 idxs=[29, 51, 46, 64, 68]
[warn]     NCF-2q: group size=4 idxs=[36, 59, 37, 77]
[warn]     NCF-2q: group size=5 idxs=[49, 60, 66, 84, 88]
[warn]     NCF-2q: group size=5 idxs=[50, 65, 67, 76, 80]
[warn]     NCF-2q: group size=5 idxs=[62, 74, 69, 71, 75]
[warn]     NCF-2q: group size=6 idxs=[70, 79, 87, 105, 107, 110]
[warn]     NCF-2q: group size=6 idxs=[81, 89, 90, 91, 101, 102]
[warn]     NCF-2q: group size=6 idxs=[85, 86, 95, 98, 97, 99]
[warn]     NCF-2q: group size=4 idxs=[92, 128, 93, 108]
[warn]     NCF-2q: group size=5 idxs=[100, 112, 109, 111, 114]
[warn]     NCF-2q: group size=5 idxs=[113, 117, 121, 135, 146]
[warn]     NCF-2q: group size=6 idxs=[115, 116, 118, 120, 123, 124]
[warn]     NCF-2q: group size=6 idxs=[119, 122, 136, 199, 219, 223]
[warn]     NCF-2q: group size=5 idxs=[125, 129, 131, 200, 216]
[warn]     NCF-2q: group size=5 idxs=[126, 140, 130, 201, 228]
[warn]     NCF-2q: group size=7 idxs=[132, 134, 143, 202, 145, 217, 229]
[warn]     NCF-2q: group size=5 idxs=[133, 137, 142, 203, 220]
[warn]     NCF-2q: group size=8 idxs=[138, 139, 141, 165, 147, 166, 190, 195]
[warn]     NCF-2q: group size=5 idxs=[144, 150, 148, 163, 197]
[warn]     NCF-2q: group size=6 idxs=[149, 153, 156, 204, 209, 210]
[warn]     NCF-2q: group size=5 idxs=[154, 158, 159, 167, 160]
[warn]     NCF-2q: group size=8 idxs=[155, 157, 251, 305, 252, 364, 366, 374]
[warn]     NCF-2q: group size=5 idxs=[161, 164, 169, 170, 175]
[warn]     NCF-2q: group size=5 idxs=[162, 168, 205, 306, 335]
[warn]     NCF-2q: group size=8 idxs=[171, 172, 206, 253, 255, 260, 275, 276]
[warn]     NCF-2q: group size=6 idxs=[173, 174, 176, 207, 208, 244]
[warn]     NCF-2q: group size=5 idxs=[177, 180, 181, 187, 194]
[warn]     NCF-2q: group size=4 idxs=[178, 183, 179, 182]
[warn]     NCF-2q: group size=5 idxs=[184, 188, 189, 218, 222]
[warn]     NCF-2q: group size=4 idxs=[185, 192, 186, 191]
[warn]     NCF-2q: group size=5 idxs=[193, 221, 196, 307, 345]
[warn]     NCF-2q: group size=6 idxs=[198, 213, 226, 254, 261, 295]
[warn]     NCF-2q: group size=7 idxs=[211, 214, 230, 308, 312, 323, 357]
[warn]     NCF-2q: group size=5 idxs=[212, 231, 224, 309, 331]
[warn]     NCF-2q: group size=5 idxs=[215, 235, 233, 279, 246]
[warn]     NCF-2q: group size=6 idxs=[225, 232, 234, 236, 238, 241]
[warn]     NCF-2q: group size=5 idxs=[227, 239, 240, 259, 304]
[warn]     NCF-2q: group size=5 idxs=[237, 256, 243, 245, 262]
[warn]     NCF-2q: group size=5 idxs=[242, 257, 250, 310, 373]
[warn]     NCF-2q: group size=5 idxs=[247, 258, 263, 280, 281]
[warn]     NCF-2q: group size=5 idxs=[248, 264, 249, 266, 303]
[warn]     NCF-2q: group size=5 idxs=[265, 272, 267, 319, 322]
[warn]     NCF-2q: group size=5 idxs=[268, 277, 297, 320, 328]
[warn]     NCF-2q: group size=6 idxs=[269, 273, 274, 287, 290, 301]
[warn]     NCF-2q: group size=4 idxs=[270, 278, 271, 282]
[warn]     NCF-2q: group size=6 idxs=[283, 284, 285, 288, 286, 289]
[warn]     NCF-2q: group size=6 idxs=[291, 292, 294, 298, 299, 302]
[warn]     NCF-2q: group size=4 idxs=[293, 300, 296, 313]
[warn]     NCF-2q: group size=5 idxs=[311, 314, 316, 317, 318]
[warn]     NCF-2q: group size=4 idxs=[315, 321, 324, 325]
[warn]     NCF-2q: group size=7 idxs=[326, 330, 359, 378, 379, 433, 446]
[warn]     NCF-2q: group size=5 idxs=[327, 332, 360, 380, 389]
[warn]     NCF-2q: group size=5 idxs=[329, 334, 333, 344, 355]
[warn]     NCF-2q: group size=5 idxs=[336, 339, 337, 338, 340]
[warn]     NCF-2q: group size=5 idxs=[341, 346, 342, 381, 437]
[warn]     NCF-2q: group size=6 idxs=[343, 352, 350, 361, 363, 368]
[warn]     NCF-2q: group size=8 idxs=[347, 351, 362, 452, 365, 457, 510, 513]
[warn]     NCF-2q: group size=5 idxs=[348, 353, 369, 453, 506]
[warn]     NCF-2q: group size=6 idxs=[349, 356, 382, 383, 434, 447]
[warn]     NCF-2q: group size=6 idxs=[354, 370, 385, 388, 394, 403]
[warn]     NCF-2q: group size=5 idxs=[358, 367, 375, 384, 435]
[warn]     NCF-2q: group size=5 idxs=[371, 386, 387, 398, 413]
[warn]     NCF-2q: group size=5 idxs=[372, 390, 391, 401, 405]
[warn]     NCF-2q: group size=5 idxs=[376, 377, 392, 454, 462]
[warn]     NCF-2q: group size=5 idxs=[393, 399, 395, 396, 412]
[warn]     NCF-2q: group size=6 idxs=[397, 400, 407, 463, 525, 543]
[warn]     NCF-2q: group size=7 idxs=[402, 406, 455, 472, 458, 473, 542]
[warn]     NCF-2q: group size=6 idxs=[404, 410, 414, 415, 421, 423]
[warn]     NCF-2q: group size=6 idxs=[408, 409, 411, 416, 420, 422]
[warn]     NCF-2q: group size=5 idxs=[417, 419, 418, 424, 425]
[warn]     NCF-2q: group size=5 idxs=[426, 427, 428, 442, 450]
[warn]     NCF-2q: group size=4 idxs=[429, 432, 430, 431]
[warn]     NCF-2q: group size=6 idxs=[436, 438, 439, 444, 440, 451]
[warn]     NCF-2q: group size=6 idxs=[441, 443, 445, 464, 449, 465]
[warn]     NCF-2q: group size=6 idxs=[448, 460, 461, 478, 522, 530]
[warn]     NCF-2q: group size=5 idxs=[456, 466, 526, 550, 577]
[warn]     NCF-2q: group size=4 idxs=[459, 467, 468, 474]
[warn]     NCF-2q: group size=6 idxs=[469, 470, 477, 481, 516, 524]
[warn]     NCF-2q: group size=5 idxs=[471, 475, 527, 551, 642]
[warn]     NCF-2q: group size=7 idxs=[476, 480, 547, 552, 548, 580, 582]
[warn]     NCF-2q: group size=6 idxs=[479, 483, 482, 553, 607, 609]
[warn]     NCF-2q: group size=7 idxs=[484, 485, 491, 554, 555, 615, 619]
[warn]     NCF-2q: group size=5 idxs=[486, 487, 490, 494, 492]
[warn]     NCF-2q: group size=7 idxs=[488, 489, 495, 556, 497, 612, 623]
[warn]     NCF-2q: group size=5 idxs=[493, 496, 508, 557, 650]
[warn]     NCF-2q: group size=7 idxs=[498, 499, 507, 558, 520, 626, 627]
[warn]     NCF-2q: group size=5 idxs=[500, 501, 502, 545, 546]
[warn]     NCF-2q: group size=6 idxs=[503, 509, 528, 559, 570, 620]
[warn]     NCF-2q: group size=7 idxs=[504, 505, 535, 652, 536, 690, 691]
[warn]     NCF-2q: group size=5 idxs=[511, 518, 515, 562, 581]
[warn]     NCF-2q: group size=6 idxs=[512, 514, 517, 529, 523, 532]
[warn]     NCF-2q: group size=6 idxs=[519, 531, 521, 653, 657, 744]
[warn]     NCF-2q: group size=5 idxs=[533, 560, 539, 541, 561]
[warn]     NCF-2q: group size=5 idxs=[534, 563, 565, 654, 740]
[warn]     NCF-2q: group size=5 idxs=[537, 564, 572, 579, 594]
[warn]     NCF-2q: group size=5 idxs=[538, 566, 567, 585, 587]
[warn]     NCF-2q: group size=5 idxs=[540, 568, 573, 575, 596]
[warn]     NCF-2q: group size=4 idxs=[544, 569, 549, 571]
[warn]     NCF-2q: group size=4 idxs=[574, 597, 576, 598]
[warn]     NCF-2q: group size=6 idxs=[578, 590, 591, 601, 592, 605]
[warn]     NCF-2q: group size=6 idxs=[583, 584, 586, 677, 678, 773]
[warn]     NCF-2q: group size=6 idxs=[588, 599, 593, 595, 606, 631]
[warn]     NCF-2q: group size=5 idxs=[589, 600, 624, 679, 742]
[warn]     NCF-2q: group size=5 idxs=[602, 610, 611, 617, 621]
[warn]     NCF-2q: group size=5 idxs=[603, 604, 608, 616, 648]
[warn]     NCF-2q: group size=5 idxs=[613, 622, 614, 656, 781]
[warn]     NCF-2q: group size=4 idxs=[618, 625, 628, 629]
[warn]     NCF-2q: group size=5 idxs=[630, 633, 632, 635, 636]
[warn]     NCF-2q: group size=5 idxs=[634, 638, 639, 643, 651]
[warn]     NCF-2q: group size=5 idxs=[637, 640, 644, 669, 670]
[warn]     NCF-2q: group size=5 idxs=[641, 646, 645, 647, 649]
[warn]     NCF-2q: group size=6 idxs=[655, 661, 662, 666, 663, 672]
[warn]     NCF-2q: group size=6 idxs=[658, 659, 664, 684, 686, 746]
[warn]     NCF-2q: group size=5 idxs=[660, 667, 754, 783, 816]
[warn]     NCF-2q: group size=5 idxs=[665, 668, 676, 689, 741]
[warn]     NCF-2q: group size=5 idxs=[671, 680, 674, 703, 729]
[warn]     NCF-2q: group size=4 idxs=[673, 681, 675, 700]
[warn]     NCF-2q: group size=8 idxs=[682, 694, 755, 784, 767, 795, 887, 898]
[warn]     NCF-2q: group size=8 idxs=[683, 697, 756, 785, 770, 796, 876, 912]
[warn]     NCF-2q: group size=6 idxs=[685, 701, 698, 699, 702, 748]
[warn]     NCF-2q: group size=6 idxs=[687, 688, 714, 718, 715, 722]
[warn]     NCF-2q: group size=5 idxs=[692, 704, 695, 786, 859]
[warn]     NCF-2q: group size=5 idxs=[693, 705, 716, 787, 881]
[warn]     NCF-2q: group size=4 idxs=[696, 708, 706, 707]
[warn]     NCF-2q: group size=7 idxs=[709, 711, 726, 788, 789, 888, 889]
[warn]     NCF-2q: group size=5 idxs=[710, 719, 713, 721, 745]
[warn]     NCF-2q: group size=5 idxs=[712, 717, 757, 790, 804]
[warn]     NCF-2q: group size=6 idxs=[720, 724, 725, 736, 739, 750]
[warn]     NCF-2q: group size=5 idxs=[723, 727, 732, 791, 892]
[warn]     NCF-2q: group size=4 idxs=[728, 737, 730, 731]
[warn]     NCF-2q: group size=4 idxs=[733, 734, 735, 738]
[warn]     NCF-2q: group size=4 idxs=[743, 749, 747, 751]
[warn]     NCF-2q: group size=5 idxs=[752, 758, 763, 897, 910]
[warn]     NCF-2q: group size=5 idxs=[753, 759, 769, 792, 806]
[warn]     NCF-2q: group size=6 idxs=[760, 761, 778, 916, 957, 958]
[warn]     NCF-2q: group size=6 idxs=[762, 764, 779, 917, 959, 961]
[warn]     NCF-2q: group size=5 idxs=[765, 793, 768, 794, 807]
[warn]     NCF-2q: group size=6 idxs=[766, 797, 774, 777, 811, 813]
[warn]     NCF-2q: group size=6 idxs=[771, 772, 798, 918, 996, 997]
[warn]     NCF-2q: group size=4 idxs=[775, 776, 780, 782]
[warn]     NCF-2q: group size=5 idxs=[799, 800, 808, 818, 833]
[warn]     NCF-2q: group size=6 idxs=[801, 802, 819, 821, 822, 823]
[warn]     NCF-2q: group size=5 idxs=[803, 809, 805, 835, 839]
[warn]     NCF-2q: group size=5 idxs=[810, 814, 815, 820, 825]
[warn]     NCF-2q: group size=4 idxs=[812, 840, 817, 829]
[warn]     NCF-2q: group size=6 idxs=[824, 826, 827, 947, 1073, 1074]
[warn]     NCF-2q: group size=5 idxs=[828, 841, 834, 948, 1001]
[warn]     NCF-2q: group size=6 idxs=[830, 831, 844, 851, 850, 852]
[warn]     NCF-2q: group size=4 idxs=[832, 842, 836, 845]
[warn]     NCF-2q: group size=6 idxs=[837, 838, 847, 949, 848, 1029]
[warn]     NCF-2q: group size=6 idxs=[843, 846, 849, 854, 891, 909]
[warn]     NCF-2q: group size=6 idxs=[853, 861, 855, 864, 907, 915]
[warn]     NCF-2q: group size=6 idxs=[856, 857, 860, 874, 902, 904]
[warn]     NCF-2q: group size=5 idxs=[858, 862, 893, 930, 932]
[warn]     NCF-2q: group size=5 idxs=[863, 867, 865, 877, 899]
[warn]     NCF-2q: group size=5 idxs=[866, 870, 878, 928, 929]
[warn]     NCF-2q: group size=5 idxs=[868, 879, 875, 880, 908]
[warn]     NCF-2q: group size=6 idxs=[869, 872, 885, 952, 911, 964]
[warn]     NCF-2q: group size=4 idxs=[871, 882, 873, 883]
[warn]     NCF-2q: group size=6 idxs=[884, 886, 900, 906, 903, 914]
[warn]     NCF-2q: group size=5 idxs=[890, 896, 901, 920, 923]
[warn]     NCF-2q: group size=5 idxs=[894, 895, 919, 955, 960]
[warn]     NCF-2q: group size=5 idxs=[905, 921, 922, 934, 937]
[warn]     NCF-2q: group size=5 idxs=[913, 946, 933, 954, 1048]
[warn]     NCF-2q: group size=4 idxs=[924, 935, 925, 926]
[warn]     NCF-2q: group size=4 idxs=[927, 936, 931, 940]
[warn]     NCF-2q: group size=4 idxs=[938, 950, 939, 951]
[warn]     NCF-2q: group size=5 idxs=[941, 953, 942, 944, 1032]
[warn]     NCF-2q: group size=5 idxs=[943, 956, 945, 970, 976]
[warn]     NCF-2q: group size=6 idxs=[962, 975, 971, 974, 990, 1027]
[warn]     NCF-2q: group size=5 idxs=[963, 977, 965, 966, 983]
[warn]     NCF-2q: group size=6 idxs=[967, 969, 972, 980, 995, 1005]
[warn]     NCF-2q: group size=4 idxs=[968, 978, 973, 979]
[warn]     NCF-2q: group size=5 idxs=[981, 986, 992, 999, 1010]
[warn]     NCF-2q: group size=4 idxs=[982, 987, 984, 985]
[warn]     NCF-2q: group size=6 idxs=[988, 989, 994, 1003, 1037, 1038]
[warn]     NCF-2q: group size=4 idxs=[991, 998, 993, 1000]
[warn]     NCF-2q: group size=4 idxs=[1002, 1006, 1004, 1007]
[warn]     NCF-2q: group size=5 idxs=[1008, 1013, 1009, 1015, 1017]
[warn]     NCF-2q: group size=6 idxs=[1011, 1012, 1014, 1019, 1016, 1039]
[warn]     NCF-2q: group size=6 idxs=[1018, 1020, 1021, 1031, 1022, 1044]
[warn]     NCF-2q: group size=5 idxs=[1023, 1024, 1025, 1033, 1036]
[warn]     NCF-2q: group size=4 idxs=[1026, 1030, 1028, 1034]
[warn]     NCF-2q: group size=4 idxs=[1035, 1040, 1041, 1042]
[warn]     NCF-2q: group size=5 idxs=[1043, 1047, 1045, 1049, 1051]
[warn]     NCF-2q: group size=4 idxs=[1046, 1050, 1052, 1054]
[warn]     NCF-2q: group size=6 idxs=[1053, 1057, 1058, 1075, 1059, 1076]
[warn]     NCF-2q: group size=6 idxs=[1055, 1056, 1068, 1070, 1071, 1072]
[warn]     NCF-2q: group size=4 idxs=[1062, 1064, 1065, 1067]
[warn]     NCF-2q: group size=5 idxs=[1069, 1080, 1078, 1081, 1084]
[warn]     NCF-2q: group size=3 idxs=[1082, 1083, 103]
[warn]     NCF-2q partition: n_terms=1085 anti_groups=202 singletons=6 Num_unitaries=208 window=128
[warn]       block 0: multi size=6 idxs=[0, 6, 3, 14, 4, 7] (singleton_count_in_block=0)
[warn]       block 1: multi size=6 idxs=[1, 8, 61, 72, 63, 78] (singleton_count_in_block=0)
[warn]       block 2: multi size=7 idxs=[2, 104, 82, 127, 106, 151, 152] (singleton_count_in_block=0)
[warn]       block 3: multi size=6 idxs=[5, 15, 9, 20, 19, 30] (singleton_count_in_block=0)
[warn]       block 4: multi size=6 idxs=[10, 16, 31, 42, 53, 57] (singleton_count_in_block=0)
[warn]       block 5: multi size=7 idxs=[11, 32, 21, 43, 38, 48, 55] (singleton_count_in_block=0)
[warn]       block 6: multi size=6 idxs=[12, 33, 73, 83, 94, 96] (singleton_count_in_block=0)
[warn]       block 7: multi size=5 idxs=[13, 17, 18, 34, 40] (singleton_count_in_block=0)
[warn]       block 8: multi size=6 idxs=[22, 23, 41, 44, 47, 54] (singleton_count_in_block=0)
[warn]       block 9: multi size=5 idxs=[24, 26, 27, 45, 52] (singleton_count_in_block=0)
[warn]       block 10: multi size=6 idxs=[25, 28, 35, 56, 39, 58] (singleton_count_in_block=0)
[warn]       block 11: multi size=5 idxs=[29, 51, 46, 64, 68] (singleton_count_in_block=0)
[warn]       block 12: multi size=4 idxs=[36, 59, 37, 77] (singleton_count_in_block=0)
[warn]       block 13: multi size=5 idxs=[49, 60, 66, 84, 88] (singleton_count_in_block=0)
[warn]       block 14: multi size=5 idxs=[50, 65, 67, 76, 80] (singleton_count_in_block=0)
[warn]       block 15: multi size=5 idxs=[62, 74, 69, 71, 75] (singleton_count_in_block=0)
[warn]       block 16: multi size=6 idxs=[70, 79, 87, 105, 107, 110] (singleton_count_in_block=0)
[warn]       block 17: multi size=6 idxs=[81, 89, 90, 91, 101, 102] (singleton_count_in_block=0)
[warn]       block 18: multi size=6 idxs=[85, 86, 95, 98, 97, 99] (singleton_count_in_block=0)
[warn]       block 19: multi size=4 idxs=[92, 128, 93, 108] (singleton_count_in_block=0)
[warn]       block 20: multi size=5 idxs=[100, 112, 109, 111, 114] (singleton_count_in_block=0)
[warn]       block 21: multi size=5 idxs=[113, 117, 121, 135, 146] (singleton_count_in_block=0)
[warn]       block 22: multi size=6 idxs=[115, 116, 118, 120, 123, 124] (singleton_count_in_block=0)
[warn]       block 23: multi size=6 idxs=[119, 122, 136, 199, 219, 223] (singleton_count_in_block=0)
[warn]       block 24: multi size=5 idxs=[125, 129, 131, 200, 216] (singleton_count_in_block=0)
[warn]       block 25: multi size=5 idxs=[126, 140, 130, 201, 228] (singleton_count_in_block=0)
[warn]       block 26: multi size=7 idxs=[132, 134, 143, 202, 145, 217, 229] (singleton_count_in_block=0)
[warn]       block 27: multi size=5 idxs=[133, 137, 142, 203, 220] (singleton_count_in_block=0)
[warn]       block 28: multi size=8 idxs=[138, 139, 141, 165, 147, 166, 190, 195] (singleton_count_in_block=0)
[warn]       block 29: multi size=5 idxs=[144, 150, 148, 163, 197] (singleton_count_in_block=0)
[warn]       block 30: multi size=6 idxs=[149, 153, 156, 204, 209, 210] (singleton_count_in_block=0)
[warn]       block 31: multi size=5 idxs=[154, 158, 159, 167, 160] (singleton_count_in_block=0)
[warn]       block 32: multi size=8 idxs=[155, 157, 251, 305, 252, 364, 366, 374] (singleton_count_in_block=0)
[warn]       block 33: multi size=5 idxs=[161, 164, 169, 170, 175] (singleton_count_in_block=0)
[warn]       block 34: multi size=5 idxs=[162, 168, 205, 306, 335] (singleton_count_in_block=0)
[warn]       block 35: multi size=8 idxs=[171, 172, 206, 253, 255, 260, 275, 276] (singleton_count_in_block=0)
[warn]       block 36: multi size=6 idxs=[173, 174, 176, 207, 208, 244] (singleton_count_in_block=0)
[warn]       block 37: multi size=5 idxs=[177, 180, 181, 187, 194] (singleton_count_in_block=0)
[warn]       block 38: multi size=4 idxs=[178, 183, 179, 182] (singleton_count_in_block=0)
[warn]       block 39: multi size=5 idxs=[184, 188, 189, 218, 222] (singleton_count_in_block=0)
[warn]       block 40: multi size=4 idxs=[185, 192, 186, 191] (singleton_count_in_block=0)
[warn]       block 41: multi size=5 idxs=[193, 221, 196, 307, 345] (singleton_count_in_block=0)
[warn]       block 42: multi size=6 idxs=[198, 213, 226, 254, 261, 295] (singleton_count_in_block=0)
[warn]       block 43: multi size=7 idxs=[211, 214, 230, 308, 312, 323, 357] (singleton_count_in_block=0)
[warn]       block 44: multi size=5 idxs=[212, 231, 224, 309, 331] (singleton_count_in_block=0)
[warn]       block 45: multi size=5 idxs=[215, 235, 233, 279, 246] (singleton_count_in_block=0)
[warn]       block 46: multi size=6 idxs=[225, 232, 234, 236, 238, 241] (singleton_count_in_block=0)
[warn]       block 47: multi size=5 idxs=[227, 239, 240, 259, 304] (singleton_count_in_block=0)
[warn]       block 48: multi size=5 idxs=[237, 256, 243, 245, 262] (singleton_count_in_block=0)
[warn]       block 49: multi size=5 idxs=[242, 257, 250, 310, 373] (singleton_count_in_block=0)
[warn]       block 50: multi size=5 idxs=[247, 258, 263, 280, 281] (singleton_count_in_block=0)
[warn]       block 51: multi size=5 idxs=[248, 264, 249, 266, 303] (singleton_count_in_block=0)
[warn]       block 52: multi size=5 idxs=[265, 272, 267, 319, 322] (singleton_count_in_block=0)
[warn]       block 53: multi size=5 idxs=[268, 277, 297, 320, 328] (singleton_count_in_block=0)
[warn]       block 54: multi size=6 idxs=[269, 273, 274, 287, 290, 301] (singleton_count_in_block=0)
[warn]       block 55: multi size=4 idxs=[270, 278, 271, 282] (singleton_count_in_block=0)
[warn]       block 56: multi size=6 idxs=[283, 284, 285, 288, 286, 289] (singleton_count_in_block=0)
[warn]       block 57: multi size=6 idxs=[291, 292, 294, 298, 299, 302] (singleton_count_in_block=0)
[warn]       block 58: multi size=4 idxs=[293, 300, 296, 313] (singleton_count_in_block=0)
[warn]       block 59: multi size=5 idxs=[311, 314, 316, 317, 318] (singleton_count_in_block=0)
[warn]       block 60: multi size=4 idxs=[315, 321, 324, 325] (singleton_count_in_block=0)
[warn]       block 61: multi size=7 idxs=[326, 330, 359, 378, 379, 433, 446] (singleton_count_in_block=0)
[warn]       block 62: multi size=5 idxs=[327, 332, 360, 380, 389] (singleton_count_in_block=0)
[warn]       block 63: multi size=5 idxs=[329, 334, 333, 344, 355] (singleton_count_in_block=0)
[warn]       block 64: multi size=5 idxs=[336, 339, 337, 338, 340] (singleton_count_in_block=0)
[warn]       block 65: multi size=5 idxs=[341, 346, 342, 381, 437] (singleton_count_in_block=0)
[warn]       block 66: multi size=6 idxs=[343, 352, 350, 361, 363, 368] (singleton_count_in_block=0)
[warn]       block 67: multi size=8 idxs=[347, 351, 362, 452, 365, 457, 510, 513] (singleton_count_in_block=0)
[warn]       block 68: multi size=5 idxs=[348, 353, 369, 453, 506] (singleton_count_in_block=0)
[warn]       block 69: multi size=6 idxs=[349, 356, 382, 383, 434, 447] (singleton_count_in_block=0)
[warn]       block 70: multi size=6 idxs=[354, 370, 385, 388, 394, 403] (singleton_count_in_block=0)
[warn]       block 71: multi size=5 idxs=[358, 367, 375, 384, 435] (singleton_count_in_block=0)
[warn]       block 72: multi size=5 idxs=[371, 386, 387, 398, 413] (singleton_count_in_block=0)
[warn]       block 73: multi size=5 idxs=[372, 390, 391, 401, 405] (singleton_count_in_block=0)
[warn]       block 74: multi size=5 idxs=[376, 377, 392, 454, 462] (singleton_count_in_block=0)
[warn]       block 75: multi size=5 idxs=[393, 399, 395, 396, 412] (singleton_count_in_block=0)
[warn]       block 76: multi size=6 idxs=[397, 400, 407, 463, 525, 543] (singleton_count_in_block=0)
[warn]       block 77: multi size=7 idxs=[402, 406, 455, 472, 458, 473, 542] (singleton_count_in_block=0)
[warn]       block 78: multi size=6 idxs=[404, 410, 414, 415, 421, 423] (singleton_count_in_block=0)
[warn]       block 79: multi size=6 idxs=[408, 409, 411, 416, 420, 422] (singleton_count_in_block=0)
[warn]       block 80: multi size=5 idxs=[417, 419, 418, 424, 425] (singleton_count_in_block=0)
[warn]       block 81: multi size=5 idxs=[426, 427, 428, 442, 450] (singleton_count_in_block=0)
[warn]       block 82: multi size=4 idxs=[429, 432, 430, 431] (singleton_count_in_block=0)
[warn]       block 83: multi size=6 idxs=[436, 438, 439, 444, 440, 451] (singleton_count_in_block=0)
[warn]       block 84: multi size=6 idxs=[441, 443, 445, 464, 449, 465] (singleton_count_in_block=0)
[warn]       block 85: multi size=6 idxs=[448, 460, 461, 478, 522, 530] (singleton_count_in_block=0)
[warn]       block 86: multi size=5 idxs=[456, 466, 526, 550, 577] (singleton_count_in_block=0)
[warn]       block 87: multi size=4 idxs=[459, 467, 468, 474] (singleton_count_in_block=0)
[warn]       block 88: multi size=6 idxs=[469, 470, 477, 481, 516, 524] (singleton_count_in_block=0)
[warn]       block 89: multi size=5 idxs=[471, 475, 527, 551, 642] (singleton_count_in_block=0)
[warn]       block 90: multi size=7 idxs=[476, 480, 547, 552, 548, 580, 582] (singleton_count_in_block=0)
[warn]       block 91: multi size=6 idxs=[479, 483, 482, 553, 607, 609] (singleton_count_in_block=0)
[warn]       block 92: multi size=7 idxs=[484, 485, 491, 554, 555, 615, 619] (singleton_count_in_block=0)
[warn]       block 93: multi size=5 idxs=[486, 487, 490, 494, 492] (singleton_count_in_block=0)
[warn]       block 94: multi size=7 idxs=[488, 489, 495, 556, 497, 612, 623] (singleton_count_in_block=0)
[warn]       block 95: multi size=5 idxs=[493, 496, 508, 557, 650] (singleton_count_in_block=0)
[warn]       block 96: multi size=7 idxs=[498, 499, 507, 558, 520, 626, 627] (singleton_count_in_block=0)
[warn]       block 97: multi size=5 idxs=[500, 501, 502, 545, 546] (singleton_count_in_block=0)
[warn]       block 98: multi size=6 idxs=[503, 509, 528, 559, 570, 620] (singleton_count_in_block=0)
[warn]       block 99: multi size=7 idxs=[504, 505, 535, 652, 536, 690, 691] (singleton_count_in_block=0)
[warn]       block 100: multi size=5 idxs=[511, 518, 515, 562, 581] (singleton_count_in_block=0)
[warn]       block 101: multi size=6 idxs=[512, 514, 517, 529, 523, 532] (singleton_count_in_block=0)
[warn]       block 102: multi size=6 idxs=[519, 531, 521, 653, 657, 744] (singleton_count_in_block=0)
[warn]       block 103: multi size=5 idxs=[533, 560, 539, 541, 561] (singleton_count_in_block=0)
[warn]       block 104: multi size=5 idxs=[534, 563, 565, 654, 740] (singleton_count_in_block=0)
[warn]       block 105: multi size=5 idxs=[537, 564, 572, 579, 594] (singleton_count_in_block=0)
[warn]       block 106: multi size=5 idxs=[538, 566, 567, 585, 587] (singleton_count_in_block=0)
[warn]       block 107: multi size=5 idxs=[540, 568, 573, 575, 596] (singleton_count_in_block=0)
[warn]       block 108: multi size=4 idxs=[544, 569, 549, 571] (singleton_count_in_block=0)
[warn]       block 109: multi size=4 idxs=[574, 597, 576, 598] (singleton_count_in_block=0)
[warn]       block 110: multi size=6 idxs=[578, 590, 591, 601, 592, 605] (singleton_count_in_block=0)
[warn]       block 111: multi size=6 idxs=[583, 584, 586, 677, 678, 773] (singleton_count_in_block=0)
[warn]       block 112: multi size=6 idxs=[588, 599, 593, 595, 606, 631] (singleton_count_in_block=0)
[warn]       block 113: multi size=5 idxs=[589, 600, 624, 679, 742] (singleton_count_in_block=0)
[warn]       block 114: multi size=5 idxs=[602, 610, 611, 617, 621] (singleton_count_in_block=0)
[warn]       block 115: multi size=5 idxs=[603, 604, 608, 616, 648] (singleton_count_in_block=0)
[warn]       block 116: multi size=5 idxs=[613, 622, 614, 656, 781] (singleton_count_in_block=0)
[warn]       block 117: multi size=4 idxs=[618, 625, 628, 629] (singleton_count_in_block=0)
[warn]       block 118: multi size=5 idxs=[630, 633, 632, 635, 636] (singleton_count_in_block=0)
[warn]       block 119: multi size=5 idxs=[634, 638, 639, 643, 651] (singleton_count_in_block=0)
[warn]       block 120: multi size=5 idxs=[637, 640, 644, 669, 670] (singleton_count_in_block=0)
[warn]       block 121: multi size=5 idxs=[641, 646, 645, 647, 649] (singleton_count_in_block=0)
[warn]       block 122: multi size=6 idxs=[655, 661, 662, 666, 663, 672] (singleton_count_in_block=0)
[warn]       block 123: multi size=6 idxs=[658, 659, 664, 684, 686, 746] (singleton_count_in_block=0)
[warn]       block 124: multi size=5 idxs=[660, 667, 754, 783, 816] (singleton_count_in_block=0)
[warn]       block 125: multi size=5 idxs=[665, 668, 676, 689, 741] (singleton_count_in_block=0)
[warn]       block 126: multi size=5 idxs=[671, 680, 674, 703, 729] (singleton_count_in_block=0)
[warn]       block 127: multi size=4 idxs=[673, 681, 675, 700] (singleton_count_in_block=0)
[warn]       block 128: multi size=8 idxs=[682, 694, 755, 784, 767, 795, 887, 898] (singleton_count_in_block=0)
[warn]       block 129: multi size=8 idxs=[683, 697, 756, 785, 770, 796, 876, 912] (singleton_count_in_block=0)
[warn]       block 130: multi size=6 idxs=[685, 701, 698, 699, 702, 748] (singleton_count_in_block=0)
[warn]       block 131: multi size=6 idxs=[687, 688, 714, 718, 715, 722] (singleton_count_in_block=0)
[warn]       block 132: multi size=5 idxs=[692, 704, 695, 786, 859] (singleton_count_in_block=0)
[warn]       block 133: multi size=5 idxs=[693, 705, 716, 787, 881] (singleton_count_in_block=0)
[warn]       block 134: multi size=4 idxs=[696, 708, 706, 707] (singleton_count_in_block=0)
[warn]       block 135: multi size=7 idxs=[709, 711, 726, 788, 789, 888, 889] (singleton_count_in_block=0)
[warn]       block 136: multi size=5 idxs=[710, 719, 713, 721, 745] (singleton_count_in_block=0)
[warn]       block 137: multi size=5 idxs=[712, 717, 757, 790, 804] (singleton_count_in_block=0)
[warn]       block 138: multi size=6 idxs=[720, 724, 725, 736, 739, 750] (singleton_count_in_block=0)
[warn]       block 139: multi size=5 idxs=[723, 727, 732, 791, 892] (singleton_count_in_block=0)
[warn]       block 140: multi size=4 idxs=[728, 737, 730, 731] (singleton_count_in_block=0)
[warn]       block 141: multi size=4 idxs=[733, 734, 735, 738] (singleton_count_in_block=0)
[warn]       block 142: multi size=4 idxs=[743, 749, 747, 751] (singleton_count_in_block=0)
[warn]       block 143: multi size=5 idxs=[752, 758, 763, 897, 910] (singleton_count_in_block=0)
[warn]       block 144: multi size=5 idxs=[753, 759, 769, 792, 806] (singleton_count_in_block=0)
[warn]       block 145: multi size=6 idxs=[760, 761, 778, 916, 957, 958] (singleton_count_in_block=0)
[warn]       block 146: multi size=6 idxs=[762, 764, 779, 917, 959, 961] (singleton_count_in_block=0)
[warn]       block 147: multi size=5 idxs=[765, 793, 768, 794, 807] (singleton_count_in_block=0)
[warn]       block 148: multi size=6 idxs=[766, 797, 774, 777, 811, 813] (singleton_count_in_block=0)
[warn]       block 149: multi size=6 idxs=[771, 772, 798, 918, 996, 997] (singleton_count_in_block=0)
[warn]       block 150: multi size=4 idxs=[775, 776, 780, 782] (singleton_count_in_block=0)
[warn]       block 151: multi size=5 idxs=[799, 800, 808, 818, 833] (singleton_count_in_block=0)
[warn]       block 152: multi size=6 idxs=[801, 802, 819, 821, 822, 823] (singleton_count_in_block=0)
[warn]       block 153: multi size=5 idxs=[803, 809, 805, 835, 839] (singleton_count_in_block=0)
[warn]       block 154: multi size=5 idxs=[810, 814, 815, 820, 825] (singleton_count_in_block=0)
[warn]       block 155: multi size=4 idxs=[812, 840, 817, 829] (singleton_count_in_block=0)
[warn]       block 156: multi size=6 idxs=[824, 826, 827, 947, 1073, 1074] (singleton_count_in_block=0)
[warn]       block 157: multi size=5 idxs=[828, 841, 834, 948, 1001] (singleton_count_in_block=0)
[warn]       block 158: multi size=6 idxs=[830, 831, 844, 851, 850, 852] (singleton_count_in_block=0)
[warn]       block 159: multi size=4 idxs=[832, 842, 836, 845] (singleton_count_in_block=0)
[warn]       block 160: multi size=6 idxs=[837, 838, 847, 949, 848, 1029] (singleton_count_in_block=0)
[warn]       block 161: multi size=6 idxs=[843, 846, 849, 854, 891, 909] (singleton_count_in_block=0)
[warn]       block 162: multi size=6 idxs=[853, 861, 855, 864, 907, 915] (singleton_count_in_block=0)
[warn]       block 163: multi size=6 idxs=[856, 857, 860, 874, 902, 904] (singleton_count_in_block=0)
[warn]       block 164: multi size=5 idxs=[858, 862, 893, 930, 932] (singleton_count_in_block=0)
[warn]       block 165: multi size=5 idxs=[863, 867, 865, 877, 899] (singleton_count_in_block=0)
[warn]       block 166: multi size=5 idxs=[866, 870, 878, 928, 929] (singleton_count_in_block=0)
[warn]       block 167: multi size=5 idxs=[868, 879, 875, 880, 908] (singleton_count_in_block=0)
[warn]       block 168: multi size=6 idxs=[869, 872, 885, 952, 911, 964] (singleton_count_in_block=0)
[warn]       block 169: multi size=4 idxs=[871, 882, 873, 883] (singleton_count_in_block=0)
[warn]       block 170: multi size=6 idxs=[884, 886, 900, 906, 903, 914] (singleton_count_in_block=0)
[warn]       block 171: multi size=5 idxs=[890, 896, 901, 920, 923] (singleton_count_in_block=0)
[warn]       block 172: multi size=5 idxs=[894, 895, 919, 955, 960] (singleton_count_in_block=0)
[warn]       block 173: multi size=5 idxs=[905, 921, 922, 934, 937] (singleton_count_in_block=0)
[warn]       block 174: multi size=5 idxs=[913, 946, 933, 954, 1048] (singleton_count_in_block=0)
[warn]       block 175: multi size=4 idxs=[924, 935, 925, 926] (singleton_count_in_block=0)
[warn]       block 176: multi size=4 idxs=[927, 936, 931, 940] (singleton_count_in_block=0)
[warn]       block 177: multi size=4 idxs=[938, 950, 939, 951] (singleton_count_in_block=0)
[warn]       block 178: multi size=5 idxs=[941, 953, 942, 944, 1032] (singleton_count_in_block=0)
[warn]       block 179: multi size=5 idxs=[943, 956, 945, 970, 976] (singleton_count_in_block=0)
[warn]       block 180: multi size=6 idxs=[962, 975, 971, 974, 990, 1027] (singleton_count_in_block=0)
[warn]       block 181: multi size=5 idxs=[963, 977, 965, 966, 983] (singleton_count_in_block=0)
[warn]       block 182: multi size=6 idxs=[967, 969, 972, 980, 995, 1005] (singleton_count_in_block=0)
[warn]       block 183: multi size=4 idxs=[968, 978, 973, 979] (singleton_count_in_block=0)
[warn]       block 184: multi size=5 idxs=[981, 986, 992, 999, 1010] (singleton_count_in_block=0)
[warn]       block 185: multi size=4 idxs=[982, 987, 984, 985] (singleton_count_in_block=0)
[warn]       block 186: multi size=6 idxs=[988, 989, 994, 1003, 1037, 1038] (singleton_count_in_block=0)
[warn]       block 187: multi size=4 idxs=[991, 998, 993, 1000] (singleton_count_in_block=0)
[warn]       block 188: multi size=4 idxs=[1002, 1006, 1004, 1007] (singleton_count_in_block=0)
[warn]       block 189: multi size=5 idxs=[1008, 1013, 1009, 1015, 1017] (singleton_count_in_block=0)
[warn]       block 190: multi size=6 idxs=[1011, 1012, 1014, 1019, 1016, 1039] (singleton_count_in_block=0)
[warn]       block 191: multi size=6 idxs=[1018, 1020, 1021, 1031, 1022, 1044] (singleton_count_in_block=0)
[warn]       block 192: multi size=5 idxs=[1023, 1024, 1025, 1033, 1036] (singleton_count_in_block=0)
[warn]       block 193: multi size=4 idxs=[1026, 1030, 1028, 1034] (singleton_count_in_block=0)
[warn]       block 194: multi size=4 idxs=[1035, 1040, 1041, 1042] (singleton_count_in_block=0)
[warn]       block 195: multi size=5 idxs=[1043, 1047, 1045, 1049, 1051] (singleton_count_in_block=0)
[warn]       block 196: multi size=4 idxs=[1046, 1050, 1052, 1054] (singleton_count_in_block=0)
[warn]       block 197: multi size=6 idxs=[1053, 1057, 1058, 1075, 1059, 1076] (singleton_count_in_block=0)
[warn]       block 198: multi size=6 idxs=[1055, 1056, 1068, 1070, 1071, 1072] (singleton_count_in_block=0)
[warn]       block 199: multi size=4 idxs=[1062, 1064, 1065, 1067] (singleton_count_in_block=0)
[warn]       block 200: multi size=5 idxs=[1069, 1080, 1078, 1081, 1084] (singleton_count_in_block=0)
[warn]       block 201: multi size=3 idxs=[1082, 1083, 103] (singleton_count_in_block=0)
[warn]       block 202: SINGLETON size=1 idx=1060 (singleton_count_in_block=1)
[warn]       block 203: SINGLETON size=1 idx=1061 (singleton_count_in_block=1)
[warn]       block 204: SINGLETON size=1 idx=1063 (singleton_count_in_block=1)
[warn]       block 205: SINGLETON size=1 idx=1066 (singleton_count_in_block=1)
[warn]       block 206: SINGLETON size=1 idx=1077 (singleton_count_in_block=1)
[warn]       block 207: SINGLETON size=1 idx=1079 (singleton_count_in_block=1)
[warn]     NCF: total singletons = 6
[warn]     NCF: block 0 size=6 singleton_count_in_block=0
[warn]     NCF: block 1 size=6 singleton_count_in_block=0
[warn]     NCF: block 2 size=7 singleton_count_in_block=0
[warn]     NCF: block 3 size=6 singleton_count_in_block=0
[warn]     NCF: block 4 size=6 singleton_count_in_block=0
[warn]     NCF: block 5 size=7 singleton_count_in_block=0
[warn]     NCF: block 6 size=6 singleton_count_in_block=0
[warn]     NCF: block 7 size=5 singleton_count_in_block=0
[warn]     NCF: block 8 size=6 singleton_count_in_block=0
[warn]     NCF: block 9 size=5 singleton_count_in_block=0
[warn]     NCF: block 10 size=6 singleton_count_in_block=0
[warn]     NCF: block 11 size=5 singleton_count_in_block=0
[warn]     NCF: block 12 size=4 singleton_count_in_block=0
[warn]     NCF: block 13 size=5 singleton_count_in_block=0
[warn]     NCF: block 14 size=5 singleton_count_in_block=0
[warn]     NCF: block 15 size=5 singleton_count_in_block=0
[warn]     NCF: block 16 size=6 singleton_count_in_block=0
[warn]     NCF: block 17 size=6 singleton_count_in_block=0
[warn]     NCF: block 18 size=6 singleton_count_in_block=0
[warn]     NCF: block 19 size=4 singleton_count_in_block=0
[warn]     NCF: block 20 size=5 singleton_count_in_block=0
[warn]     NCF: block 21 size=5 singleton_count_in_block=0
[warn]     NCF: block 22 size=6 singleton_count_in_block=0
[warn]     NCF: block 23 size=6 singleton_count_in_block=0
[warn]     NCF: block 24 size=5 singleton_count_in_block=0
[warn]     NCF: block 25 size=5 singleton_count_in_block=0
[warn]     NCF: block 26 size=7 singleton_count_in_block=0
[warn]     NCF: block 27 size=5 singleton_count_in_block=0
[warn]     NCF: block 28 size=8 singleton_count_in_block=0
[warn]     NCF: block 29 size=5 singleton_count_in_block=0
[warn]     NCF: block 30 size=6 singleton_count_in_block=0
[warn]     NCF: block 31 size=5 singleton_count_in_block=0
[warn]     NCF: block 32 size=8 singleton_count_in_block=0
[warn]     NCF: block 33 size=5 singleton_count_in_block=0
[warn]     NCF: block 34 size=5 singleton_count_in_block=0
[warn]     NCF: block 35 size=8 singleton_count_in_block=0
[warn]     NCF: block 36 size=6 singleton_count_in_block=0
[warn]     NCF: block 37 size=5 singleton_count_in_block=0
[warn]     NCF: block 38 size=4 singleton_count_in_block=0
[warn]     NCF: block 39 size=5 singleton_count_in_block=0
[warn]     NCF: block 40 size=4 singleton_count_in_block=0
[warn]     NCF: block 41 size=5 singleton_count_in_block=0
[warn]     NCF: block 42 size=6 singleton_count_in_block=0
[warn]     NCF: block 43 size=7 singleton_count_in_block=0
[warn]     NCF: block 44 size=5 singleton_count_in_block=0
[warn]     NCF: block 45 size=5 singleton_count_in_block=0
[warn]     NCF: block 46 size=6 singleton_count_in_block=0
[warn]     NCF: block 47 size=5 singleton_count_in_block=0
[warn]     NCF: block 48 size=5 singleton_count_in_block=0
[warn]     NCF: block 49 size=5 singleton_count_in_block=0
[warn]     NCF: block 50 size=5 singleton_count_in_block=0
[warn]     NCF: block 51 size=5 singleton_count_in_block=0
[warn]     NCF: block 52 size=5 singleton_count_in_block=0
[warn]     NCF: block 53 size=5 singleton_count_in_block=0
[warn]     NCF: block 54 size=6 singleton_count_in_block=0
[warn]     NCF: block 55 size=4 singleton_count_in_block=0
[warn]     NCF: block 56 size=6 singleton_count_in_block=0
[warn]     NCF: block 57 size=6 singleton_count_in_block=0
[warn]     NCF: block 58 size=4 singleton_count_in_block=0
[warn]     NCF: block 59 size=5 singleton_count_in_block=0
[warn]     NCF: block 60 size=4 singleton_count_in_block=0
[warn]     NCF: block 61 size=7 singleton_count_in_block=0
[warn]     NCF: block 62 size=5 singleton_count_in_block=0
[warn]     NCF: block 63 size=5 singleton_count_in_block=0
[warn]     NCF: block 64 size=5 singleton_count_in_block=0
[warn]     NCF: block 65 size=5 singleton_count_in_block=0
[warn]     NCF: block 66 size=6 singleton_count_in_block=0
[warn]     NCF: block 67 size=8 singleton_count_in_block=0
[warn]     NCF: block 68 size=5 singleton_count_in_block=0
[warn]     NCF: block 69 size=6 singleton_count_in_block=0
[warn]     NCF: block 70 size=6 singleton_count_in_block=0
[warn]     NCF: block 71 size=5 singleton_count_in_block=0
[warn]     NCF: block 72 size=5 singleton_count_in_block=0
[warn]     NCF: block 73 size=5 singleton_count_in_block=0
[warn]     NCF: block 74 size=5 singleton_count_in_block=0
[warn]     NCF: block 75 size=5 singleton_count_in_block=0
[warn]     NCF: block 76 size=6 singleton_count_in_block=0
[warn]     NCF: block 77 size=7 singleton_count_in_block=0
[warn]     NCF: block 78 size=6 singleton_count_in_block=0
[warn]     NCF: block 79 size=6 singleton_count_in_block=0
[warn]     NCF: block 80 size=5 singleton_count_in_block=0
[warn]     NCF: block 81 size=5 singleton_count_in_block=0
[warn]     NCF: block 82 size=4 singleton_count_in_block=0
[warn]     NCF: block 83 size=6 singleton_count_in_block=0
[warn]     NCF: block 84 size=6 singleton_count_in_block=0
[warn]     NCF: block 85 size=6 singleton_count_in_block=0
[warn]     NCF: block 86 size=5 singleton_count_in_block=0
[warn]     NCF: block 87 size=4 singleton_count_in_block=0
[warn]     NCF: block 88 size=6 singleton_count_in_block=0
[warn]     NCF: block 89 size=5 singleton_count_in_block=0
[warn]     NCF: block 90 size=7 singleton_count_in_block=0
[warn]     NCF: block 91 size=6 singleton_count_in_block=0
[warn]     NCF: block 92 size=7 singleton_count_in_block=0
[warn]     NCF: block 93 size=5 singleton_count_in_block=0
[warn]     NCF: block 94 size=7 singleton_count_in_block=0
[warn]     NCF: block 95 size=5 singleton_count_in_block=0
[warn]     NCF: block 96 size=7 singleton_count_in_block=0
[warn]     NCF: block 97 size=5 singleton_count_in_block=0
[warn]     NCF: block 98 size=6 singleton_count_in_block=0
[warn]     NCF: block 99 size=7 singleton_count_in_block=0
[warn]     NCF: block 100 size=5 singleton_count_in_block=0
[warn]     NCF: block 101 size=6 singleton_count_in_block=0
[warn]     NCF: block 102 size=6 singleton_count_in_block=0
[warn]     NCF: block 103 size=5 singleton_count_in_block=0
[warn]     NCF: block 104 size=5 singleton_count_in_block=0
[warn]     NCF: block 105 size=5 singleton_count_in_block=0
[warn]     NCF: block 106 size=5 singleton_count_in_block=0
[warn]     NCF: block 107 size=5 singleton_count_in_block=0
[warn]     NCF: block 108 size=4 singleton_count_in_block=0
[warn]     NCF: block 109 size=4 singleton_count_in_block=0
[warn]     NCF: block 110 size=6 singleton_count_in_block=0
[warn]     NCF: block 111 size=6 singleton_count_in_block=0
[warn]     NCF: block 112 size=6 singleton_count_in_block=0
[warn]     NCF: block 113 size=5 singleton_count_in_block=0
[warn]     NCF: block 114 size=5 singleton_count_in_block=0
[warn]     NCF: block 115 size=5 singleton_count_in_block=0
[warn]     NCF: block 116 size=5 singleton_count_in_block=0
[warn]     NCF: block 117 size=4 singleton_count_in_block=0
[warn]     NCF: block 118 size=5 singleton_count_in_block=0
[warn]     NCF: block 119 size=5 singleton_count_in_block=0
[warn]     NCF: block 120 size=5 singleton_count_in_block=0
[warn]     NCF: block 121 size=5 singleton_count_in_block=0
[warn]     NCF: block 122 size=6 singleton_count_in_block=0
[warn]     NCF: block 123 size=6 singleton_count_in_block=0
[warn]     NCF: block 124 size=5 singleton_count_in_block=0
[warn]     NCF: block 125 size=5 singleton_count_in_block=0
[warn]     NCF: block 126 size=5 singleton_count_in_block=0
[warn]     NCF: block 127 size=4 singleton_count_in_block=0
[warn]     NCF: block 128 size=8 singleton_count_in_block=0
[warn]     NCF: block 129 size=8 singleton_count_in_block=0
[warn]     NCF: block 130 size=6 singleton_count_in_block=0
[warn]     NCF: block 131 size=6 singleton_count_in_block=0
[warn]     NCF: block 132 size=5 singleton_count_in_block=0
[warn]     NCF: block 133 size=5 singleton_count_in_block=0
[warn]     NCF: block 134 size=4 singleton_count_in_block=0
[warn]     NCF: block 135 size=7 singleton_count_in_block=0
[warn]     NCF: block 136 size=5 singleton_count_in_block=0
[warn]     NCF: block 137 size=5 singleton_count_in_block=0
[warn]     NCF: block 138 size=6 singleton_count_in_block=0
[warn]     NCF: block 139 size=5 singleton_count_in_block=0
[warn]     NCF: block 140 size=4 singleton_count_in_block=0
[warn]     NCF: block 141 size=4 singleton_count_in_block=0
[warn]     NCF: block 142 size=4 singleton_count_in_block=0
[warn]     NCF: block 143 size=5 singleton_count_in_block=0
[warn]     NCF: block 144 size=5 singleton_count_in_block=0
[warn]     NCF: block 145 size=6 singleton_count_in_block=0
[warn]     NCF: block 146 size=6 singleton_count_in_block=0
[warn]     NCF: block 147 size=5 singleton_count_in_block=0
[warn]     NCF: block 148 size=6 singleton_count_in_block=0
[warn]     NCF: block 149 size=6 singleton_count_in_block=0
[warn]     NCF: block 150 size=4 singleton_count_in_block=0
[warn]     NCF: block 151 size=5 singleton_count_in_block=0
[warn]     NCF: block 152 size=6 singleton_count_in_block=0
[warn]     NCF: block 153 size=5 singleton_count_in_block=0
[warn]     NCF: block 154 size=5 singleton_count_in_block=0
[warn]     NCF: block 155 size=4 singleton_count_in_block=0
[warn]     NCF: block 156 size=6 singleton_count_in_block=0
[warn]     NCF: block 157 size=5 singleton_count_in_block=0
[warn]     NCF: block 158 size=6 singleton_count_in_block=0
[warn]     NCF: block 159 size=4 singleton_count_in_block=0
[warn]     NCF: block 160 size=6 singleton_count_in_block=0
[warn]     NCF: block 161 size=6 singleton_count_in_block=0
[warn]     NCF: block 162 size=6 singleton_count_in_block=0
[warn]     NCF: block 163 size=6 singleton_count_in_block=0
[warn]     NCF: block 164 size=5 singleton_count_in_block=0
[warn]     NCF: block 165 size=5 singleton_count_in_block=0
[warn]     NCF: block 166 size=5 singleton_count_in_block=0
[warn]     NCF: block 167 size=5 singleton_count_in_block=0
[warn]     NCF: block 168 size=6 singleton_count_in_block=0
[warn]     NCF: block 169 size=4 singleton_count_in_block=0
[warn]     NCF: block 170 size=6 singleton_count_in_block=0
[warn]     NCF: block 171 size=5 singleton_count_in_block=0
[warn]     NCF: block 172 size=5 singleton_count_in_block=0
[warn]     NCF: block 173 size=5 singleton_count_in_block=0
[warn]     NCF: block 174 size=5 singleton_count_in_block=0
[warn]     NCF: block 175 size=4 singleton_count_in_block=0
[warn]     NCF: block 176 size=4 singleton_count_in_block=0
[warn]     NCF: block 177 size=4 singleton_count_in_block=0
[warn]     NCF: block 178 size=5 singleton_count_in_block=0
[warn]     NCF: block 179 size=5 singleton_count_in_block=0
[warn]     NCF: block 180 size=6 singleton_count_in_block=0
[warn]     NCF: block 181 size=5 singleton_count_in_block=0
[warn]     NCF: block 182 size=6 singleton_count_in_block=0
[warn]     NCF: block 183 size=4 singleton_count_in_block=0
[warn]     NCF: block 184 size=5 singleton_count_in_block=0
[warn]     NCF: block 185 size=4 singleton_count_in_block=0
[warn]     NCF: block 186 size=6 singleton_count_in_block=0
[warn]     NCF: block 187 size=4 singleton_count_in_block=0
[warn]     NCF: block 188 size=4 singleton_count_in_block=0
[warn]     NCF: block 189 size=5 singleton_count_in_block=0
[warn]     NCF: block 190 size=6 singleton_count_in_block=0
[warn]     NCF: block 191 size=6 singleton_count_in_block=0
[warn]     NCF: block 192 size=5 singleton_count_in_block=0
[warn]     NCF: block 193 size=4 singleton_count_in_block=0
[warn]     NCF: block 194 size=4 singleton_count_in_block=0
[warn]     NCF: block 195 size=5 singleton_count_in_block=0
[warn]     NCF: block 196 size=4 singleton_count_in_block=0
[warn]     NCF: block 197 size=6 singleton_count_in_block=0
[warn]     NCF: block 198 size=6 singleton_count_in_block=0
[warn]     NCF: block 199 size=4 singleton_count_in_block=0
[warn]     NCF: block 200 size=5 singleton_count_in_block=0
[warn]     NCF: block 201 size=3 singleton_count_in_block=0
[warn]     NCF: block 202 size=1 singleton_count_in_block=1
[warn]     NCF: block 203 size=1 singleton_count_in_block=1
[warn]     NCF: block 204 size=1 singleton_count_in_block=1
[warn]     NCF: block 205 size=1 singleton_count_in_block=1
[warn]     NCF: block 206 size=1 singleton_count_in_block=1
[warn]     NCF: block 207 size=1 singleton_count_in_block=1
[warn]     NCF fusion (2q): partitioned into 208 groups (1085 total Pauli rotations).
[NCF fusion report]
  Pauli terms (before):     1085   (indices #0–#1084)
  NCF blocks (after):       208
  Synthesis: before=naive  after=ncf
  Cost BEFORE NCF:
    CX: 13174  RZ: 0  H: 3192  S: 0  Sdg: 0  clifford: 19566  total: 20643  depth: 16169
  Cost AFTER NCF:
    CX: 207268  RZ: 1085  H: 6184  S: 5339  Sdg: 5339  clifford: 224890  total: 225967  depth: 83995
  Delta (after − before):
    CX: 194094  RZ: 1085  clifford: 205324  total: 205324
NcfProgram 0 ready — try: ncf print --summary

qsyn> ncf print --blocks
[NCF fusion report]
  Pauli terms (before):     1085   (indices #0–#1084)
  NCF blocks (after):       208
  Synthesis: before=naive  after=ncf
  Cost BEFORE NCF:
    CX: 13174  RZ: 0  H: 3192  S: 0  Sdg: 0  clifford: 19566  total: 20643  depth: 16169
  Cost AFTER NCF:
    CX: 207268  RZ: 1085  H: 6184  S: 5339  Sdg: 5339  clifford: 224890  total: 225967  depth: 83995
  Delta (after − before):
    CX: 194094  RZ: 1085  clifford: 205324  total: 205324
Block 0: cx_prefix=4 cx_suffix=4 cx_total=8 inner_rz=6 hs=8
Block 1: cx_prefix=6 cx_suffix=6 cx_total=12 inner_rz=6 hs=8
Block 2: cx_prefix=95 cx_suffix=95 cx_total=190 inner_rz=7 hs=22
Block 3: cx_prefix=1083 cx_suffix=1083 cx_total=2166 inner_rz=6 hs=388
Block 4: cx_prefix=6 cx_suffix=6 cx_total=12 inner_rz=6 hs=8
Block 5: cx_prefix=95 cx_suffix=95 cx_total=190 inner_rz=7 hs=36
Block 6: cx_prefix=25 cx_suffix=25 cx_total=50 inner_rz=6 hs=8
Block 7: cx_prefix=207 cx_suffix=207 cx_total=414 inner_rz=5 hs=56
Block 8: cx_prefix=115 cx_suffix=115 cx_total=230 inner_rz=6 hs=30
Block 9: cx_prefix=94 cx_suffix=94 cx_total=188 inner_rz=5 hs=28
Block 10: cx_prefix=315 cx_suffix=315 cx_total=630 inner_rz=6 hs=78
Block 11: cx_prefix=92 cx_suffix=92 cx_total=184 inner_rz=5 hs=30
Block 12: cx_prefix=259 cx_suffix=259 cx_total=518 inner_rz=4 hs=64
Block 13: cx_prefix=196 cx_suffix=196 cx_total=392 inner_rz=5 hs=52
Block 14: cx_prefix=211 cx_suffix=211 cx_total=422 inner_rz=5 hs=82
Block 15: cx_prefix=245 cx_suffix=245 cx_total=490 inner_rz=5 hs=84
Block 16: cx_prefix=175 cx_suffix=175 cx_total=350 inner_rz=6 hs=40
Block 17: cx_prefix=691 cx_suffix=691 cx_total=1382 inner_rz=6 hs=244
Block 18: cx_prefix=121 cx_suffix=121 cx_total=242 inner_rz=6 hs=28
Block 19: cx_prefix=82 cx_suffix=82 cx_total=164 inner_rz=4 hs=18
Block 20: cx_prefix=91 cx_suffix=91 cx_total=182 inner_rz=5 hs=22
Block 21: cx_prefix=120 cx_suffix=120 cx_total=240 inner_rz=5 hs=56
Block 22: cx_prefix=222 cx_suffix=222 cx_total=444 inner_rz=6 hs=40
Block 23: cx_prefix=296 cx_suffix=296 cx_total=592 inner_rz=6 hs=98
Block 24: cx_prefix=473 cx_suffix=473 cx_total=946 inner_rz=5 hs=144
Block 25: cx_prefix=86 cx_suffix=86 cx_total=172 inner_rz=5 hs=44
Block 26: cx_prefix=296 cx_suffix=296 cx_total=592 inner_rz=7 hs=96
Block 27: cx_prefix=460 cx_suffix=460 cx_total=920 inner_rz=5 hs=174
Block 28: cx_prefix=215 cx_suffix=215 cx_total=430 inner_rz=8 hs=70
Block 29: cx_prefix=54 cx_suffix=54 cx_total=108 inner_rz=5 hs=12
Block 30: cx_prefix=117 cx_suffix=117 cx_total=234 inner_rz=6 hs=42
Block 31: cx_prefix=88 cx_suffix=88 cx_total=176 inner_rz=5 hs=30
Block 32: cx_prefix=51 cx_suffix=51 cx_total=102 inner_rz=8 hs=14
Block 33: cx_prefix=90 cx_suffix=90 cx_total=180 inner_rz=5 hs=18
Block 34: cx_prefix=221 cx_suffix=221 cx_total=442 inner_rz=5 hs=90
Block 35: cx_prefix=409 cx_suffix=409 cx_total=818 inner_rz=8 hs=158
Block 36: cx_prefix=184 cx_suffix=184 cx_total=368 inner_rz=6 hs=64
Block 37: cx_prefix=272 cx_suffix=272 cx_total=544 inner_rz=5 hs=96
Block 38: cx_prefix=193 cx_suffix=193 cx_total=386 inner_rz=4 hs=76
Block 39: cx_prefix=274 cx_suffix=274 cx_total=548 inner_rz=5 hs=136
Block 40: cx_prefix=273 cx_suffix=273 cx_total=546 inner_rz=4 hs=86
Block 41: cx_prefix=328 cx_suffix=328 cx_total=656 inner_rz=5 hs=82
Block 42: cx_prefix=341 cx_suffix=341 cx_total=682 inner_rz=6 hs=104
Block 43: cx_prefix=179 cx_suffix=179 cx_total=358 inner_rz=7 hs=72
Block 44: cx_prefix=94 cx_suffix=94 cx_total=188 inner_rz=5 hs=34
Block 45: cx_prefix=32 cx_suffix=32 cx_total=64 inner_rz=5 hs=10
Block 46: cx_prefix=106 cx_suffix=106 cx_total=212 inner_rz=6 hs=50
Block 47: cx_prefix=433 cx_suffix=433 cx_total=866 inner_rz=5 hs=136
Block 48: cx_prefix=59 cx_suffix=59 cx_total=118 inner_rz=5 hs=32
Block 49: cx_prefix=107 cx_suffix=107 cx_total=214 inner_rz=5 hs=30
Block 50: cx_prefix=137 cx_suffix=137 cx_total=274 inner_rz=5 hs=38
Block 51: cx_prefix=169 cx_suffix=169 cx_total=338 inner_rz=5 hs=48
Block 52: cx_prefix=102 cx_suffix=102 cx_total=204 inner_rz=5 hs=50
Block 53: cx_prefix=379 cx_suffix=379 cx_total=758 inner_rz=5 hs=128
Block 54: cx_prefix=541 cx_suffix=541 cx_total=1082 inner_rz=6 hs=152
Block 55: cx_prefix=104 cx_suffix=104 cx_total=208 inner_rz=4 hs=34
Block 56: cx_prefix=126 cx_suffix=126 cx_total=252 inner_rz=6 hs=22
Block 57: cx_prefix=110 cx_suffix=110 cx_total=220 inner_rz=6 hs=28
Block 58: cx_prefix=348 cx_suffix=348 cx_total=696 inner_rz=4 hs=112
Block 59: cx_prefix=302 cx_suffix=302 cx_total=604 inner_rz=5 hs=130
Block 60: cx_prefix=373 cx_suffix=373 cx_total=746 inner_rz=4 hs=136
Block 61: cx_prefix=127 cx_suffix=127 cx_total=254 inner_rz=7 hs=24
Block 62: cx_prefix=210 cx_suffix=210 cx_total=420 inner_rz=5 hs=64
Block 63: cx_prefix=131 cx_suffix=131 cx_total=262 inner_rz=5 hs=52
Block 64: cx_prefix=207 cx_suffix=207 cx_total=414 inner_rz=5 hs=60
Block 65: cx_prefix=325 cx_suffix=325 cx_total=650 inner_rz=5 hs=82
Block 66: cx_prefix=53 cx_suffix=53 cx_total=106 inner_rz=6 hs=12
Block 67: cx_prefix=137 cx_suffix=137 cx_total=274 inner_rz=8 hs=50
Block 68: cx_prefix=533 cx_suffix=533 cx_total=1066 inner_rz=5 hs=184
Block 69: cx_prefix=162 cx_suffix=162 cx_total=324 inner_rz=6 hs=40
Block 70: cx_prefix=188 cx_suffix=188 cx_total=376 inner_rz=6 hs=72
Block 71: cx_prefix=101 cx_suffix=101 cx_total=202 inner_rz=5 hs=46
Block 72: cx_prefix=242 cx_suffix=242 cx_total=484 inner_rz=5 hs=86
Block 73: cx_prefix=147 cx_suffix=147 cx_total=294 inner_rz=5 hs=58
Block 74: cx_prefix=245 cx_suffix=245 cx_total=490 inner_rz=5 hs=80
Block 75: cx_prefix=352 cx_suffix=352 cx_total=704 inner_rz=5 hs=98
Block 76: cx_prefix=206 cx_suffix=206 cx_total=412 inner_rz=6 hs=42
Block 77: cx_prefix=321 cx_suffix=321 cx_total=642 inner_rz=7 hs=108
Block 78: cx_prefix=382 cx_suffix=382 cx_total=764 inner_rz=6 hs=148
Block 79: cx_prefix=322 cx_suffix=322 cx_total=644 inner_rz=6 hs=98
Block 80: cx_prefix=461 cx_suffix=461 cx_total=922 inner_rz=5 hs=154
Block 81: cx_prefix=270 cx_suffix=270 cx_total=540 inner_rz=5 hs=66
Block 82: cx_prefix=124 cx_suffix=124 cx_total=248 inner_rz=4 hs=54
Block 83: cx_prefix=152 cx_suffix=152 cx_total=304 inner_rz=6 hs=64
Block 84: cx_prefix=222 cx_suffix=222 cx_total=444 inner_rz=6 hs=66
Block 85: cx_prefix=526 cx_suffix=526 cx_total=1052 inner_rz=6 hs=184
Block 86: cx_prefix=37 cx_suffix=37 cx_total=74 inner_rz=5 hs=14
Block 87: cx_prefix=180 cx_suffix=180 cx_total=360 inner_rz=4 hs=36
Block 88: cx_prefix=350 cx_suffix=350 cx_total=700 inner_rz=6 hs=70
Block 89: cx_prefix=34 cx_suffix=34 cx_total=68 inner_rz=5 hs=34
Block 90: cx_prefix=359 cx_suffix=359 cx_total=718 inner_rz=7 hs=106
Block 91: cx_prefix=112 cx_suffix=112 cx_total=224 inner_rz=6 hs=30
Block 92: cx_prefix=248 cx_suffix=248 cx_total=496 inner_rz=7 hs=72
Block 93: cx_prefix=225 cx_suffix=225 cx_total=450 inner_rz=5 hs=66
Block 94: cx_prefix=208 cx_suffix=208 cx_total=416 inner_rz=7 hs=54
Block 95: cx_prefix=229 cx_suffix=229 cx_total=458 inner_rz=5 hs=82
Block 96: cx_prefix=266 cx_suffix=266 cx_total=532 inner_rz=7 hs=86
Block 97: cx_prefix=21 cx_suffix=21 cx_total=42 inner_rz=5 hs=22
Block 98: cx_prefix=58 cx_suffix=58 cx_total=116 inner_rz=6 hs=44
Block 99: cx_prefix=96 cx_suffix=96 cx_total=192 inner_rz=7 hs=16
Block 100: cx_prefix=352 cx_suffix=352 cx_total=704 inner_rz=5 hs=88
Block 101: cx_prefix=277 cx_suffix=277 cx_total=554 inner_rz=6 hs=82
Block 102: cx_prefix=118 cx_suffix=118 cx_total=236 inner_rz=6 hs=46
Block 103: cx_prefix=93 cx_suffix=93 cx_total=186 inner_rz=5 hs=36
Block 104: cx_prefix=221 cx_suffix=221 cx_total=442 inner_rz=5 hs=82
Block 105: cx_prefix=219 cx_suffix=219 cx_total=438 inner_rz=5 hs=62
Block 106: cx_prefix=951 cx_suffix=951 cx_total=1902 inner_rz=5 hs=334
Block 107: cx_prefix=514 cx_suffix=514 cx_total=1028 inner_rz=5 hs=180
Block 108: cx_prefix=182 cx_suffix=182 cx_total=364 inner_rz=4 hs=40
Block 109: cx_prefix=553 cx_suffix=553 cx_total=1106 inner_rz=4 hs=160
Block 110: cx_prefix=216 cx_suffix=216 cx_total=432 inner_rz=6 hs=96
Block 111: cx_prefix=155 cx_suffix=155 cx_total=310 inner_rz=6 hs=56
Block 112: cx_prefix=153 cx_suffix=153 cx_total=306 inner_rz=6 hs=72
Block 113: cx_prefix=313 cx_suffix=313 cx_total=626 inner_rz=5 hs=100
Block 114: cx_prefix=182 cx_suffix=182 cx_total=364 inner_rz=5 hs=64
Block 115: cx_prefix=185 cx_suffix=185 cx_total=370 inner_rz=5 hs=58
Block 116: cx_prefix=221 cx_suffix=221 cx_total=442 inner_rz=5 hs=58
Block 117: cx_prefix=419 cx_suffix=419 cx_total=838 inner_rz=4 hs=130
Block 118: cx_prefix=93 cx_suffix=93 cx_total=186 inner_rz=5 hs=20
Block 119: cx_prefix=261 cx_suffix=261 cx_total=522 inner_rz=5 hs=76
Block 120: cx_prefix=633 cx_suffix=633 cx_total=1266 inner_rz=5 hs=176
Block 121: cx_prefix=13 cx_suffix=13 cx_total=26 inner_rz=5 hs=20
Block 122: cx_prefix=330 cx_suffix=330 cx_total=660 inner_rz=6 hs=86
Block 123: cx_prefix=306 cx_suffix=306 cx_total=612 inner_rz=6 hs=100
Block 124: cx_prefix=88 cx_suffix=88 cx_total=176 inner_rz=5 hs=20
Block 125: cx_prefix=43 cx_suffix=43 cx_total=86 inner_rz=5 hs=16
Block 126: cx_prefix=372 cx_suffix=372 cx_total=744 inner_rz=5 hs=144
Block 127: cx_prefix=510 cx_suffix=510 cx_total=1020 inner_rz=4 hs=148
Block 128: cx_prefix=210 cx_suffix=210 cx_total=420 inner_rz=8 hs=60
Block 129: cx_prefix=421 cx_suffix=421 cx_total=842 inner_rz=8 hs=120
Block 130: cx_prefix=113 cx_suffix=113 cx_total=226 inner_rz=6 hs=22
Block 131: cx_prefix=631 cx_suffix=631 cx_total=1262 inner_rz=6 hs=170
Block 132: cx_prefix=188 cx_suffix=188 cx_total=376 inner_rz=5 hs=46
Block 133: cx_prefix=366 cx_suffix=366 cx_total=732 inner_rz=5 hs=102
Block 134: cx_prefix=553 cx_suffix=553 cx_total=1106 inner_rz=4 hs=192
Block 135: cx_prefix=197 cx_suffix=197 cx_total=394 inner_rz=7 hs=54
Block 136: cx_prefix=224 cx_suffix=224 cx_total=448 inner_rz=5 hs=102
Block 137: cx_prefix=104 cx_suffix=104 cx_total=208 inner_rz=5 hs=30
Block 138: cx_prefix=144 cx_suffix=144 cx_total=288 inner_rz=6 hs=62
Block 139: cx_prefix=264 cx_suffix=264 cx_total=528 inner_rz=5 hs=90
Block 140: cx_prefix=225 cx_suffix=225 cx_total=450 inner_rz=4 hs=74
Block 141: cx_prefix=327 cx_suffix=327 cx_total=654 inner_rz=4 hs=120
Block 142: cx_prefix=138 cx_suffix=138 cx_total=276 inner_rz=4 hs=66
Block 143: cx_prefix=140 cx_suffix=140 cx_total=280 inner_rz=5 hs=70
Block 144: cx_prefix=395 cx_suffix=395 cx_total=790 inner_rz=5 hs=90
Block 145: cx_prefix=42 cx_suffix=42 cx_total=84 inner_rz=6 hs=24
Block 146: cx_prefix=359 cx_suffix=359 cx_total=718 inner_rz=6 hs=110
Block 147: cx_prefix=62 cx_suffix=62 cx_total=124 inner_rz=5 hs=36
Block 148: cx_prefix=195 cx_suffix=195 cx_total=390 inner_rz=6 hs=44
Block 149: cx_prefix=188 cx_suffix=188 cx_total=376 inner_rz=6 hs=34
Block 150: cx_prefix=209 cx_suffix=209 cx_total=418 inner_rz=4 hs=66
Block 151: cx_prefix=536 cx_suffix=536 cx_total=1072 inner_rz=5 hs=192
Block 152: cx_prefix=97 cx_suffix=97 cx_total=194 inner_rz=6 hs=20
Block 153: cx_prefix=635 cx_suffix=635 cx_total=1270 inner_rz=5 hs=180
Block 154: cx_prefix=54 cx_suffix=54 cx_total=108 inner_rz=5 hs=40
Block 155: cx_prefix=516 cx_suffix=516 cx_total=1032 inner_rz=4 hs=166
Block 156: cx_prefix=207 cx_suffix=207 cx_total=414 inner_rz=6 hs=54
Block 157: cx_prefix=120 cx_suffix=120 cx_total=240 inner_rz=5 hs=26
Block 158: cx_prefix=410 cx_suffix=410 cx_total=820 inner_rz=6 hs=134
Block 159: cx_prefix=215 cx_suffix=215 cx_total=430 inner_rz=4 hs=54
Block 160: cx_prefix=670 cx_suffix=670 cx_total=1340 inner_rz=6 hs=204
Block 161: cx_prefix=412 cx_suffix=412 cx_total=824 inner_rz=6 hs=170
Block 162: cx_prefix=351 cx_suffix=351 cx_total=702 inner_rz=6 hs=120
Block 163: cx_prefix=176 cx_suffix=176 cx_total=352 inner_rz=6 hs=72
Block 164: cx_prefix=240 cx_suffix=240 cx_total=480 inner_rz=5 hs=100
Block 165: cx_prefix=572 cx_suffix=572 cx_total=1144 inner_rz=5 hs=146
Block 166: cx_prefix=300 cx_suffix=300 cx_total=600 inner_rz=5 hs=70
Block 167: cx_prefix=939 cx_suffix=939 cx_total=1878 inner_rz=5 hs=306
Block 168: cx_prefix=796 cx_suffix=796 cx_total=1592 inner_rz=6 hs=246
Block 169: cx_prefix=254 cx_suffix=254 cx_total=508 inner_rz=4 hs=72
Block 170: cx_prefix=466 cx_suffix=466 cx_total=932 inner_rz=6 hs=118
Block 171: cx_prefix=215 cx_suffix=215 cx_total=430 inner_rz=5 hs=74
Block 172: cx_prefix=613 cx_suffix=613 cx_total=1226 inner_rz=5 hs=196
Block 173: cx_prefix=142 cx_suffix=142 cx_total=284 inner_rz=5 hs=68
Block 174: cx_prefix=162 cx_suffix=162 cx_total=324 inner_rz=5 hs=56
Block 175: cx_prefix=430 cx_suffix=430 cx_total=860 inner_rz=4 hs=138
Block 176: cx_prefix=427 cx_suffix=427 cx_total=854 inner_rz=4 hs=118
Block 177: cx_prefix=601 cx_suffix=601 cx_total=1202 inner_rz=4 hs=170
Block 178: cx_prefix=337 cx_suffix=337 cx_total=674 inner_rz=5 hs=104
Block 179: cx_prefix=202 cx_suffix=202 cx_total=404 inner_rz=5 hs=70
Block 180: cx_prefix=154 cx_suffix=154 cx_total=308 inner_rz=6 hs=28
Block 181: cx_prefix=224 cx_suffix=224 cx_total=448 inner_rz=5 hs=98
Block 182: cx_prefix=343 cx_suffix=343 cx_total=686 inner_rz=6 hs=116
Block 183: cx_prefix=208 cx_suffix=208 cx_total=416 inner_rz=4 hs=76
Block 184: cx_prefix=236 cx_suffix=236 cx_total=472 inner_rz=5 hs=100
Block 185: cx_prefix=253 cx_suffix=253 cx_total=506 inner_rz=4 hs=64
Block 186: cx_prefix=173 cx_suffix=173 cx_total=346 inner_rz=6 hs=72
Block 187: cx_prefix=493 cx_suffix=493 cx_total=986 inner_rz=4 hs=174
Block 188: cx_prefix=154 cx_suffix=154 cx_total=308 inner_rz=4 hs=36
Block 189: cx_prefix=134 cx_suffix=134 cx_total=268 inner_rz=5 hs=68
Block 190: cx_prefix=527 cx_suffix=527 cx_total=1054 inner_rz=6 hs=158
Block 191: cx_prefix=306 cx_suffix=306 cx_total=612 inner_rz=6 hs=114
Block 192: cx_prefix=135 cx_suffix=135 cx_total=270 inner_rz=5 hs=72
Block 193: cx_prefix=82 cx_suffix=82 cx_total=164 inner_rz=4 hs=14
Block 194: cx_prefix=184 cx_suffix=184 cx_total=368 inner_rz=4 hs=72
Block 195: cx_prefix=17 cx_suffix=17 cx_total=34 inner_rz=5 hs=30
Block 196: cx_prefix=15 cx_suffix=15 cx_total=30 inner_rz=4 hs=28
Block 197: cx_prefix=62 cx_suffix=62 cx_total=124 inner_rz=6 hs=14
Block 198: cx_prefix=256 cx_suffix=256 cx_total=512 inner_rz=6 hs=70
Block 199: cx_prefix=136 cx_suffix=136 cx_total=272 inner_rz=4 hs=28
Block 200: cx_prefix=219 cx_suffix=219 cx_total=438 inner_rz=5 hs=68
Block 201: cx_prefix=13 cx_suffix=13 cx_total=26 inner_rz=3 hs=30
Block 202: cx_prefix=1 cx_suffix=1 cx_total=2 inner_rz=1 hs=0
Block 203: cx_prefix=1 cx_suffix=1 cx_total=2 inner_rz=1 hs=0
Block 204: cx_prefix=9 cx_suffix=9 cx_total=18 inner_rz=1 hs=0
Block 205: cx_prefix=9 cx_suffix=9 cx_total=18 inner_rz=1 hs=0
Block 206: cx_prefix=1 cx_suffix=1 cx_total=2 inner_rz=1 hs=0
Block 207: cx_prefix=9 cx_suffix=9 cx_total=18 inner_rz=1 hs=4

qsyn> convert tableau qcir -r ncf

qsyn> qcir write /home/chenying/qsyn/out/ncf2q_10cases/NH-JW-14/NH-JW-14_after_2qncf_clifford_rz.qasm

qsyn> 
[warn]     The -f/--file option is deprecated and will be removed in the future.
[warn]     To run a script file with commands printing, use the -v flag with a filepath.
[warn]     To run a script file silently, simply supply the filepath.
